numero_alimento,descricao,saturados_g,monoinsaturados_g,poliinsaturados_g,c12_0_g,c14_0_g,c16_0_g,c18_0_g,c20_0_g,c22_0_g,c24_0_g,c14_1_g,c16_1_g,c18_1_g,c20_1_g,c18_2n6_g,c18_3n3_g,c20_4_g,c20_5_g,c22_5_g,c22_6_g,c18_1t_g,c18_2t_g,categoria
1,"Arroz, integral, cozido",0.3,0.4,0.3,,1e-05,0.25,0.02,1e-05,1e-05,1e-05,,,0.36,1e-05,0.31,0.01,,,1e-05,,,,Cereais e derivados
2,"Arroz, integral, cru",0.3,0.5,0.4,,0.01,0.2393333392937978,0.02,0.01,1e-05,1e-05,,1e-05,0.45,1e-05,0.38,0.02,,,,,,,Cereais e derivados
3,"Arroz, tipo 1, cozido",0.2,1e-05,1e-05,,1e-05,0.16,0.01,,,,,,0.04,,0.06,,,,,,,,Cereais e derivados
4,"Arroz, tipo 1, cru",0.1,0.1,0.1,1e-05,1e-05,0.06,0.01,1e-05,1e-05,1e-05,,,0.06,,0.08,1e-05,,,,,,1e-05,Cereais e derivados
5,"Arroz, tipo 2, cozido",0.1,0.1,0.1,,1e-05,0.12,0.02,,,,,1e-05,0.12,1e-05,0.09,1e-05,,,,,,,Cereais e derivados
6,"Arroz, tipo 2, cru",0.1,0.1,0.1,,1e-05,0.06,0.01,1e-05,1e-05,1e-05,,,0.09,1e-05,0.09,1e-05,,,,,,,Cereais e derivados
7,"Aveia, flocos, crua",1.54,3.155666666666667,3.0163333333333333,,0.015333333333333332,1.3703333333333336,0.139,1e-05,,0.015333333333333332,,1e-05,3.101333333333333,0.05433333333333334,2.954333333333333,0.062,,,,,,,Cereais e derivados
8,"Biscoito, doce, maisena",3.9,3.7,2.2,0.03,0.07,2.76,0.94,0.03,0.02,0.01,,0.02,3.7,0.02,2.13,0.1,,,,,1.36,0.22,Cereais e derivados
9,"Biscoito, doce, recheado com chocolate",6.2,6.6,1.7,0.19,0.13,3.11,2.55,0.07,0.07,0.02,,0.02,6.55,0.04,1.68,0.06,,,,,3.84,0.37,Cereais e derivados
10,"Biscoito, doce, recheado com morango",6.1,6.5,1.7,0.07,0.07,3.35,2.41,0.06,,,,0.04,6.4,0.02,1.61,0.06,,,,,4.21,0.32,Cereais e derivados
11,"Biscoito, doce, wafer, recheado de chocolate",6.5,8.1,1.9,,0.02,3.21,3.02,0.09,0.12,0.02,0.02,0.02,8.07,0.02,1.84,0.09,,,,,6.63,0.42,Cereais e derivados
12,"Biscoito, doce, wafer, recheado de morango",6.7,8.9,1.8,,0.03,3.32,3.1,0.1,0.1,0.03,,0.03,8.83,0.03,1.77,0.08,,,,,7.24,0.56,Cereais e derivados
13,"Biscoito, salgado, cream cracker",4.4,4.6,2.9,0.01,0.07,2.99,1.24,0.04,0.03,0.01,,0.06,4.52,0.03,2.79,0.01,,,,,1.57,0.23,Cereais e derivados
14,"Bolo, mistura para",2.095,1.8901666666666663,0.8130000000000001,0.01,0.026833333333333334,1.0276666666666667,0.9658333333333333,0.021833333333333337,0.021833333333333337,0.005,,0.005,1.8801666666666665,0.005,0.7781666666666667,0.034833333333333334,,,,,0.931,0.15283333333333332,Cereais e derivados
15,"Bolo, pronto, aipim",5.0,3.9,1.1,0.98,0.48,1.88,1.28,0.04,0.04,0.01,,0.06,3.8,0.02,1.0,0.06,0.04,,,,1.99,,Cereais e derivados
16,"Bolo, pronto, chocolate",5.5,6.2,3.0,,0.06,2.97,2.33,0.07,0.06,0.02,,0.06,6.15,0.04,2.83,0.04,0.02,,,,2.49,0.42,Cereais e derivados
17,"Bolo, pronto, coco",4.9,3.0,1.8,1.0,0.48,1.82,1.24,0.03,0.03,0.01,,0.05,2.92,0.03,1.69,0.06,0.02,,,,0.89,0.19,Cereais e derivados
18,"Bolo, pronto, milho",4.5,3.9,1.5,0.79,0.37,1.79,1.19,0.04,0.05,0.01,,0.06,3.79,0.03,1.34,0.08,0.04,,,,1.82,0.17,Cereais e derivados
19,"Canjica, branca, crua",0.3,0.2,0.4,,,0.27,0.03,1e-05,,1e-05,,1e-05,0.24,1e-05,0.38,0.01,,,,,,,Cereais e derivados
20,"Canjica, com leite integral",0.6036666666666666,0.3656666666666667,0.14966666666666664,0.012333333333333335,0.083,0.37399999999999994,0.14666666666666664,1e-05,,,,0.019,0.3466666666666667,,0.14966666666666664,1e-05,,,,,0.024000000000000004,,Cereais e derivados
21,"Cereais, milho, flocos, com sal",0.5,0.6,0.9,,1e-05,0.39,0.05,0.01,1e-05,0.01,,1e-05,0.6,0.01,0.89,0.03,,,,,,,Cereais e derivados
22,"Cereais, milho, flocos, sem sal",0.3,0.3,0.6,,1e-05,0.27,0.03,0.01,1e-05,1e-05,,1e-05,0.33,1e-05,0.6,0.02,,,,,,,Cereais e derivados
23,"Cereais, mingau, milho, infantil",0.3,0.3,0.5,,1e-05,0.26,0.03,1e-05,1e-05,,,,0.28,1e-05,0.45,0.01,,,,,1e-05,1e-05,Cereais e derivados
24,"Cereais, mistura para vitamina, trigo, cevada e aveia",0.5,0.4,1.0,,1e-05,0.43,0.03,1e-05,1e-05,1e-05,,1e-05,0.34,0.02,0.93,0.06,,,,,,0.01,Cereais e derivados
25,"Cereal matinal, milho",0.35666666666666663,0.3196666666666667,0.32866666666666666,,,0.318,0.03866666666666666,1e-05,1e-05,1e-05,,1e-05,0.3196666666666667,,0.3133333333333333,1e-05,,1e-05,,,1e-05,,Cereais e derivados
26,"Cereal matinal, milho, açúcar",0.23,0.28633333333333333,0.329,,,0.20133333333333334,0.028666666666666663,1e-05,1e-05,1e-05,,1e-05,0.28633333333333333,,0.329,1e-05,,1e-05,,,1e-05,,Cereais e derivados
27,"Creme de arroz, pó",0.4,0.3,0.4,,0.01,0.37,0.03,1e-05,,0.01,,1e-05,0.31,1e-05,0.43,0.01,,,,,,,Cereais e derivados
28,"Creme de milho, pó",0.3,0.5,0.8,,,0.29,0.04,0.01,,1e-05,,1e-05,0.45,1e-05,0.75,0.02,,,,,,,Cereais e derivados
29,"Curau, milho verde",0.8173333333333334,0.46799999999999997,0.17466666666666666,0.014666666666666666,0.11233333333333334,0.4836666666666667,0.19366666666666665,1e-05,,,1e-05,0.029666666666666664,0.4383333333333333,,0.17466666666666666,1e-05,,,,,0.03966666666666666,,Cereais e derivados
30,"Curau, milho verde, mistura para",3.0,4.9,1.4,,0.01,1.55,1.3,0.05,0.06,0.03,,,4.85,0.03,1.38,0.03,,,,,2.81,0.63,Cereais e derivados
31,"Farinha, de arroz, enriquecida",0.2,0.1,0.2,1e-05,1e-05,0.18,0.01,1e-05,1e-05,1e-05,,1e-05,0.08,1e-05,0.17,0.01,,,,,1e-05,1e-05,Cereais e derivados
32,"Farinha, de centeio, integral",0.3,0.3,0.8,,1e-05,0.31,0.02,1e-05,1e-05,,,1e-05,0.26,0.01,0.73,,,,,,,1e-05,Cereais e derivados
33,"Farinha, de milho, amarela",0.4,0.4,0.6,1e-05,1e-05,0.3,0.04,0.01,,,,1e-05,0.38,1e-05,0.63,0.02,,,,,,,Cereais e derivados
34,"Farinha, de rosca",0.6,0.4,0.8,0.01,0.02,0.44,0.07,1e-05,,,,0.01,0.37,0.01,0.74,0.05,,,,,0.02,0.01,Cereais e derivados
35,"Farinha, de trigo",0.31,0.155,0.445,,1e-05,0.296,0.014,1e-05,1e-05,1e-05,,1e-05,0.13466666666666668,,0.431,0.014,,1e-05,1e-05,,,1e-05,Cereais e derivados
36,"Farinha, láctea, de cereais",3.3,1.4,0.6,0.12,0.5,1.73,0.58,0.01,0.01,,0.03,0.11,1.2,,0.59,0.03,,,,,0.13,0.02,Cereais e derivados
37,"Lasanha, massa fresca, cozida",0.6,0.4,0.1,,,0.48,0.1,,,,,0.02,0.4,1e-05,0.1,,,,,,,,Cereais e derivados
38,"Lasanha, massa fresca, crua",0.5,0.4,0.4,,,0.39,0.08,,,,,0.01,0.39,1e-05,0.38,0.01,,,,,,,Cereais e derivados
41,"Macarrão, trigo, cru, com ovos",0.5353333333333333,0.37766666666666665,0.7566666666666667,,,0.4646666666666666,0.07066666666666667,1e-05,1e-05,1e-05,,1e-05,0.37766666666666665,1e-05,0.7303333333333333,0.026333333333333334,,,,,,1e-05,Cereais e derivados
43,"Milho, fubá, cru",0.4303333333333333,0.892,1.317,,,0.3459999999999999,0.06833333333333334,0.016,1e-05,1e-05,,1e-05,0.892,1e-05,1.2893333333333332,0.027666666666666662,,,1e-05,,,,Cereais e derivados
44,"Milho, verde, cru",0.2,0.2,0.6,,,0.16,0.01,1e-05,1e-05,1e-05,,1e-05,0.23,1e-05,0.53,0.02,,,,,,,Cereais e derivados
45,"Milho, verde, enlatado, drenado",0.6,0.8,0.9,,,0.49,0.06,0.01,,,,1e-05,0.78,1e-05,0.88,0.03,,,,,,,Cereais e derivados
46,"Mingau tradicional, pó",0.1,1e-05,0.1,1e-05,,0.12,0.01,,,,,,0.05,,0.13,0.01,,,,,,,Cereais e derivados
47,"Pamonha, barra para cozimento, pré-cozida",0.5,0.7,1.4,,0.01,0.37,0.12,0.01,0.01,0.01,,,0.65,0.02,1.32,0.09,,,,,0.07,0.04,Cereais e derivados
48,"Pão, aveia, forma",1.1,1.0,1.6,1e-05,0.01,0.62,0.4,0.01,0.01,,,0.01,0.94,0.02,1.06,0.59,,,,,0.11,0.01,Cereais e derivados
49,"Pão, de soja",0.7,0.6,1.6,,0.01,0.52,0.16,0.01,0.01,,,0.01,0.62,0.01,1.41,0.14,,,,,0.01,,Cereais e derivados
50,"Pão, glúten, forma",0.5,0.6,0.7,,1e-05,0.39,0.08,0.01,0.01,,,0.01,0.56,0.01,0.69,0.04,,,,,0.11,0.05,Cereais e derivados
51,"Pão, milho, forma",0.6,0.6,1.0,0.01,0.01,0.47,0.11,0.01,0.01,,,0.01,0.62,0.01,0.98,0.03,,,,,0.07,,Cereais e derivados
52,"Pão, trigo, forma, integral",0.7,0.8,1.1,1e-05,0.01,0.5,0.19,0.01,0.01,,,0.02,0.74,0.01,0.98,0.08,,,,,0.21,0.07,Cereais e derivados
53,"Pão, trigo, francês",1.0,0.9,0.7,1e-05,0.01,0.65,0.29,0.01,0.01,,,1e-05,0.85,0.01,0.7,0.04,,,,,0.35,0.02,Cereais e derivados
54,"Pão, trigo, sovado",0.8,0.7,0.7,0.01,0.01,0.66,0.14,,,,,0.02,0.62,0.01,0.68,0.04,,,,,0.06,,Cereais e derivados
55,"Pastel, de carne, cru",3.692666666666666,2.909333333333333,1.104,0.07266666666666667,0.12066666666666666,2.4713333333333334,0.9976666666666666,0.03333333333333333,0.014,0.008333333333333333,0.008333333333333333,0.05033333333333334,2.8226666666666667,0.014,1.0646666666666667,0.03933333333333333,,,,,0.521,0.07,Cereais e derivados
56,"Pastel, de carne, frito",4.831666666666667,5.877666666666666,7.596666666666667,,0.11533333333333334,2.7270000000000003,1.7006666666666668,0.05766666666666667,0.09633333333333334,0.03866666666666666,,0.077,5.742999999999999,0.03866666666666666,6.968666666666667,0.59,0.019,,,,0.5393333333333334,0.154,Cereais e derivados
59,"Pastel, massa, crua",2.1,1.7,0.9,0.02,0.03,1.5,0.49,0.02,0.02,0.01,,0.01,1.66,0.01,0.91,0.03,,,,,0.47,0.05,Cereais e derivados
60,"Pastel, massa, frita",6.9,10.1,21.2,,0.04,4.92,1.48,0.16,0.2,0.08,,1e-05,9.75,0.33,19.61,1.32,,,,,,,Cereais e derivados
61,"Pipoca, com óleo de soja, sem sal",2.357333333333333,3.6933333333333334,9.189000000000002,,,1.768,0.4623333333333333,0.04566666666666667,0.055999999999999994,0.025333333333333333,,,3.667666666666667,0.025666666666666667,8.483,0.691,,,,,,,Cereais e derivados
63,"Torrada, pão francês",0.9,0.8,1.0,,0.01,0.63,0.19,0.01,0.01,0.01,,0.01,0.76,0.01,0.99,0.05,,,,,0.38,0.07,Cereais e derivados
64,"Abóbora, cabotian, cozida",0.1,0.2,0.2,,1e-05,0.12,0.02,1e-05,,,,1e-05,0.22,1e-05,0.15,0.08,,,,,,,"Verduras, hortaliças e derivados"
65,"Abóbora, cabotian, crua",0.12033333333333333,0.082,0.048666666666666664,,,0.109,0.011333333333333334,,,,,,0.082,,0.035,0.013666666666666667,,,,,,,"Verduras, hortaliças e derivados"
68,"Abóbora, moranga, refogada",0.12000000000000001,0.19133333333333336,0.44699999999999995,,,0.09166666666666667,0.028333333333333335,1e-05,1e-05,,,,0.19133333333333336,,0.39799999999999996,0.048999999999999995,,,,,,,"Verduras, hortaliças e derivados"
70,"Abobrinha, italiana, cozida",0.1,1e-05,0.1,,,0.05,1e-05,1e-05,1e-05,1e-05,,,1e-05,,0.03,0.03,,,,,,,"Verduras, hortaliças e derivados"
72,"Abobrinha, italiana, refogada",0.13333333333333333,0.18066666666666667,0.46066666666666667,,,0.10466666666666667,0.028666666666666663,1e-05,1e-05,1e-05,,,0.18066666666666667,,0.397,0.06366666666666666,,,,,,,"Verduras, hortaliças e derivados"
81,"Alfavaca, crua",0.1,1e-05,0.2,1e-05,1e-05,0.11,0.02,1e-05,1e-05,1e-05,,0.01,0.01,,0.04,0.16,,,,,,,"Verduras, hortaliças e derivados"
85,"Almeirão, refogado",0.8,1.1,2.6,,,0.53,0.19,0.02,0.02,1e-05,,1e-05,1.11,0.03,2.3,0.35,,,,,,0.04,"Verduras, hortaliças e derivados"
90,"Batata, frita, tipo chips, industrializada",12.9,11.9,4.0,0.1,0.25,10.98,1.3,0.11,0.02,0.02,,0.04,11.83,0.05,3.85,0.09,,,,,0.02,0.09,"Verduras, hortaliças e derivados"
93,"Batata, inglesa, frita",2.1,3.4,6.6,,0.01,1.41,0.52,0.05,0.06,0.01,,0.01,3.31,0.06,6.29,0.3,,,,,,0.07,"Verduras, hortaliças e derivados"
94,"Batata, inglesa, sauté",0.3,0.2,0.4,0.02,0.01,0.19,0.07,1e-05,1e-05,,,,0.2,,0.33,0.03,,,,,,,"Verduras, hortaliças e derivados"
99,"Biscoito, polvilho doce",2.4,4.3,0.6,,0.03,1.48,0.8,0.05,0.05,0.02,,,4.25,0.01,0.56,,,,,,4.05,0.4,"Verduras, hortaliças e derivados"
100,"Brócolis, cozido",0.1,1e-05,0.2,,1e-05,0.08,0.01,1e-05,1e-05,1e-05,1e-05,0.01,0.02,,0.06,0.1,,,,,,1e-05,"Verduras, hortaliças e derivados"
101,"Brócolis, cru",0.1366666666666667,0.057666666666666665,0.18600000000000003,,,0.11766666666666666,0.019,1e-05,,1e-05,,0.021666666666666667,0.036000000000000004,,0.06766666666666667,0.11833333333333333,,,,,,,"Verduras, hortaliças e derivados"
104,"Caruru, cru",0.1,1e-05,0.3,1e-05,1e-05,0.13,0.01,,1e-05,1e-05,,0.02,0.03,,0.09,0.17,,,,,,,"Verduras, hortaliças e derivados"
105,"Catalonha, crua",0.1,1e-05,0.1,1e-05,,0.06,1e-05,1e-05,1e-05,1e-05,,1e-05,1e-05,,0.04,0.1,,,,,,,"Verduras, hortaliças e derivados"
106,"Catalonha, refogada",0.7100000000000001,1.07,2.976666666666666,,,0.51,0.15,0.02,0.02,0.01,,0.013333333333333334,1.0366666666666666,0.02,2.483333333333333,0.48333333333333334,,,,,,0.01,"Verduras, hortaliças e derivados"
109,"Cenoura, cozida",1e-05,1e-05,0.1,,,0.03,1e-05,,,,,,1e-05,,0.12,1e-05,,,,,,,"Verduras, hortaliças e derivados"
115,"Couve, manteiga, crua",0.12,1e-05,0.12866666666666668,,,0.09866666666666668,0.021333333333333333,,,,,0.02,0.018666666666666665,,0.05266666666666667,0.07600000000000001,,,,,,,"Verduras, hortaliças e derivados"
116,"Couve, manteiga, refogada ",1.0,1.6,3.6,,,0.7,0.25,0.03,0.03,0.01,,,1.52,0.04,3.16,0.38,,,,,,,"Verduras, hortaliças e derivados"
118,"Couve-flor, cozida",0.1,1e-05,0.1,,,0.06,1e-05,1e-05,,,,1e-05,0.02,,0.06,0.06,,,,,,,"Verduras, hortaliças e derivados"
120,"Espinafre, Nova Zelândia, refogado",0.9,1.3,2.9,,,0.6,0.22,0.02,0.03,0.02,,1e-05,1.27,0.04,2.55,0.38,,,,,,0.04,"Verduras, hortaliças e derivados"
121,"Farinha, de mandioca, crua",0.1,0.1,1e-05,1e-05,1e-05,0.08,0.02,1e-05,1e-05,1e-05,1e-05,1e-05,0.08,1e-05,0.03,0.01,,,,,1e-05,0.1,"Verduras, hortaliças e derivados"
122,"Farinha, de mandioca, torrada",0.1,0.1,1e-05,1e-05,0.03,0.09,0.01,,,,,,0.08,,0.03,0.01,,,,,,,"Verduras, hortaliças e derivados"
123,"Farinha, de puba",0.227,0.18533333333333335,1e-05,,,0.20366666666666666,0.020666666666666667,,,,,,0.18533333333333335,,0.036,,,,,,,,"Verduras, hortaliças e derivados"
126,"Inhame, cru",0.077,1e-05,0.078,,,0.077,1e-05,1e-05,1e-05,1e-05,,,0.04466666666666667,,0.078,1e-05,,,,,,,"Verduras, hortaliças e derivados"
127,"Jiló, cru",0.07466666666666667,0.05066666666666667,0.19933333333333336,,,0.05366666666666667,0.021,1e-05,1e-05,1e-05,,1e-05,0.05066666666666667,,0.19933333333333336,1e-05,,,,,,,"Verduras, hortaliças e derivados"
128,"Jurubeba, crua",0.5,0.5,2.1,,,0.29,0.13,0.01,0.01,0.01,,0.03,0.48,1e-05,2.09,0.03,,,,,,,"Verduras, hortaliças e derivados"
129,"Mandioca, cozida",0.1,0.1,0.1,,,0.07,1e-05,,,,,,0.1,,0.05,0.01,,,,,,,"Verduras, hortaliças e derivados"
130,"Mandioca, crua",0.062,0.12233333333333334,1e-05,,,0.062,1e-05,1e-05,1e-05,1e-05,,1e-05,0.12233333333333334,1e-05,0.04,1e-05,,,,,1e-05,,"Verduras, hortaliças e derivados"
131,"Mandioca, farofa, temperada",1.9,2.4,2.5,1e-05,0.03,1.26,0.54,0.03,0.02,0.01,,0.04,2.38,0.02,2.29,0.19,,,,,0.49,0.14,"Verduras, hortaliças e derivados"
132,"Mandioca, frita",1.6961,2.7716666666666665,6.182333333333334,,,1.195,0.38166666666666665,0.03233333333333333,0.054766666666666665,0.021333333333333333,,,2.7253333333333334,0.04633333333333333,5.5760000000000005,0.574,,,,,,0.042666666666666665,"Verduras, hortaliças e derivados"
133,"Manjericão, cru",0.12933333333333333,1e-05,0.26566666666666666,,,0.11233333333333333,0.017,1e-05,,,,0.018333333333333337,0.013,,0.052,0.21366666666666667,,,,,,,"Verduras, hortaliças e derivados"
136,"Nhoque, batata, cozido",0.5586666666666666,0.4746666666666666,0.778,0.024333333333333335,0.013,0.39833333333333326,0.14733333333333332,1e-05,1e-05,1e-05,,0.008666666666666666,0.46599999999999997,1e-05,0.7243333333333334,0.05366666666666667,1e-05,,,,,,"Verduras, hortaliças e derivados"
138,"Palmito, Juçara, em conserva",0.1,1e-05,0.1,1e-05,1e-05,0.07,1e-05,1e-05,1e-05,0.01,,,0.03,,0.09,0.01,,,,,,1e-05,"Verduras, hortaliças e derivados"
141,"Pão, de queijo, cru",3.4,3.0,4.1,0.08,0.29,2.0,0.74,0.03,0.03,,0.03,0.08,2.92,,3.67,0.36,,,,,0.63,0.12,"Verduras, hortaliças e derivados"
151,"Repolho, roxo, refogado",0.1933333333333333,0.284,0.6806666666666666,,,0.15166666666666664,0.041666666666666664,1e-05,1e-05,1e-05,,,0.284,1e-05,0.6086666666666667,0.072,,,,,,1e-05,"Verduras, hortaliças e derivados"
153,"Salsa, crua",0.08133333333333333,1e-05,0.19566666666666666,,,0.08133333333333333,1e-05,1e-05,1e-05,1e-05,,1e-05,0.023000000000000003,,0.10833333333333334,0.08733333333333333,,,1e-05,,,,"Verduras, hortaliças e derivados"
154,"Seleta de legumes, enlatada",0.12433333333333335,0.22233333333333336,0.21133333333333335,,,0.09633333333333333,0.028,1e-05,1e-05,1e-05,,,0.22233333333333336,,0.19833333333333333,0.013,,,,,1e-05,1e-05,"Verduras, hortaliças e derivados"
155,"Serralha, crua",0.1,0.1,0.3,1e-05,1e-05,0.13,0.02,0.02,0.02,1e-05,,,0.04,,0.07,0.26,,,,,,,"Verduras, hortaliças e derivados"
156,"Taioba, crua",0.2,0.1,0.4,1e-05,1e-05,0.18,0.04,0.02,1e-05,0.01,,0.02,0.05,,0.12,0.25,,,,,,,"Verduras, hortaliças e derivados"
159,"Tomate, molho industrializado",0.1,0.1,0.2,1e-05,1e-05,0.06,0.02,1e-05,1e-05,1e-05,,1e-05,0.09,1e-05,0.17,0.02,,,,,1e-05,1e-05,"Verduras, hortaliças e derivados"
163,"Abacate, cru",2.3,4.3,1.4,,0.01,2.2,0.1,0.02,,,,0.2,4.12,0.02,1.29,0.08,,,,,,,"Verduras, hortaliças e derivados"
166,"Abiu, cru",0.3,0.1,0.1,,,0.3,0.03,,,,,,0.11,,0.1,0.02,,,,,,,"Verduras, hortaliças e derivados"
167,"Açaí, polpa, com xarope de guaraná e glucose",0.7,1.9,0.3,,1e-05,0.58,0.07,1e-05,,,,0.07,1.88,1e-05,0.3,0.02,,,,,,,"Verduras, hortaliças e derivados"
168,"Açaí, polpa, congelada",0.7313333333333334,2.014,0.37699999999999995,,1e-05,0.6566666666666667,0.06866666666666667,1e-05,,,,0.08333333333333333,1.9306666666666665,,0.3539999999999999,0.023000000000000003,,,,,,,"Verduras, hortaliças e derivados"
173,"Ameixa, em calda, enlatada, drenada ",0.1,1e-05,0.1,,,0.07,0.02,0.01,,,,,0.03,0.01,0.07,0.01,,,,,,,"Verduras, hortaliças e derivados"
174,"Atemóia, crua",0.1,1e-05,0.1,,,0.09,0.03,1e-05,1e-05,1e-05,,,0.01,,0.06,0.04,,,,,,,"Verduras, hortaliças e derivados"
191,"Ciriguela, crua",0.2,1e-05,0.1,,0.01,0.11,0.02,,1e-05,1e-05,,,0.02,,0.07,0.03,,,,,,,"Verduras, hortaliças e derivados"
192,"Cupuaçu, cru",0.4,0.2,0.1,,1e-05,0.37,0.04,1e-05,1e-05,1e-05,,0.01,0.2,,0.03,0.09,,,,,,,"Verduras, hortaliças e derivados"
193,"Cupuaçu, polpa, congelada",0.3,0.1,1e-05,,1e-05,0.26,0.03,1e-05,1e-05,1e-05,,1e-05,0.13,1e-05,0.01,0.03,,,,,1e-05,,"Verduras, hortaliças e derivados"
196,"Fruta-pão, crua",0.1,1e-05,1e-05,,,0.08,1e-05,1e-05,1e-05,1e-05,,,0.02,,0.01,0.02,,,,,,,"Verduras, hortaliças e derivados"
197,"Goiaba, branca, com casca, crua",0.05666666666666667,1e-05,0.23199999999999998,,,0.04033333333333333,0.016333333333333335,1e-05,,1e-05,,,0.032,,0.23199999999999998,1e-05,,,,,,,"Verduras, hortaliças e derivados"
200,"Goiaba, vermelha, com casca, crua",0.05366666666666666,1e-05,0.25666666666666665,,,0.036333333333333336,0.017333333333333333,1e-05,,1e-05,,,0.044333333333333336,,0.25666666666666665,1e-05,,,,,,,"Verduras, hortaliças e derivados"
201,"Graviola, crua",1e-05,0.1,1e-05,,,0.05,1e-05,,,,,,0.08,,0.01,0.02,,,,,,,"Verduras, hortaliças e derivados"
204,"Jaca, crua",0.1,0.1,1e-05,,,0.09,1e-05,1e-05,1e-05,1e-05,,1e-05,0.07,,1e-05,0.02,,,,,,,"Verduras, hortaliças e derivados"
207,"Kiwi, cru",0.05833333333333333,0.09900000000000002,0.3486666666666666,,,0.03566666666666667,0.02266666666666667,1e-05,,,,1e-05,0.09900000000000002,,0.06,0.2886666666666666,,,,,,,"Verduras, hortaliças e derivados"
221,"Maçã, Argentina, com casca, crua",0.1,1e-05,1e-05,,1e-05,0.04,0.02,1e-05,1e-05,1e-05,,1e-05,0.02,,0.04,0.01,,,,,,,"Verduras, hortaliças e derivados"
223,"Macaúba, crua",7.1,25.3,6.5,,0.04,6.01,0.97,0.05,,,,0.67,24.57,0.04,6.18,0.3,,,,,,,"Verduras, hortaliças e derivados"
228,"Manga, Haden, crua",0.1,0.1,1e-05,1e-05,1e-05,0.07,1e-05,1e-05,1e-05,1e-05,,0.04,0.05,1e-05,0.02,0.02,,,,,,,"Verduras, hortaliças e derivados"
230,"Manga, polpa, congelada",0.1,0.1,1e-05,,0.01,0.07,1e-05,,,,,0.03,0.05,,0.01,0.02,,,,,,,"Verduras, hortaliças e derivados"
231,"Manga, Tommy Atkins, crua",0.1,0.1,1e-05,1e-05,0.03,0.05,1e-05,1e-05,1e-05,1e-05,,0.04,0.04,1e-05,1e-05,0.04,,,,,1e-05,,"Verduras, hortaliças e derivados"
232,"Maracujá, cru",0.22033333333333335,0.27566666666666667,0.9380000000000001,,,0.17,0.05033333333333334,1e-05,,,,1e-05,0.27566666666666667,,0.915,0.023000000000000003,,,,,,,"Verduras, hortaliças e derivados"
242,"Pêra, Park, crua",0.1,1e-05,0.1,,1e-05,0.05,0.01,0.01,0.01,0.01,,1e-05,0.02,1e-05,0.05,0.01,,,,,,,"Verduras, hortaliças e derivados"
246,"Pinha, crua",0.1,1e-05,0.1,,,0.08,0.01,,1e-05,1e-05,,,0.03,,0.08,0.04,,,,,,,"Verduras, hortaliças e derivados"
250,"Tamarindo, cru",0.1,0.2,1e-05,,1e-05,0.09,0.01,1e-05,1e-05,1e-05,,1e-05,0.18,1e-05,0.02,0.02,,,,,1e-05,,"Verduras, hortaliças e derivados"
253,"Tucumã, cru",4.693,9.681,0.8803333333333333,,0.018,3.1843333333333335,1.1853333333333333,0.25433333333333336,0.018,0.018,,,9.62,0.061,0.30033333333333334,0.58,,,,,,,"Verduras, hortaliças e derivados"
259,"Azeite, de dendê",43.1,40.1,16.6,0.28,0.79,36.77,4.61,0.35,0.1,0.08,,0.14,39.86,0.24,15.69,0.83,,,,,,0.14,Gorduras e óleos
260,"Azeite, de oliva, extra virgem",14.9,75.5,9.5,,,11.3,2.96,0.38,0.12,0.05,,1.09,74.01,0.25,8.74,0.75,,,,,,,Gorduras e óleos
261,"Manteiga, com sal",49.2,20.4,1.2,2.09,8.06,23.01,9.3,0.15,,,0.81,0.98,17.94,0.13,0.89,0.27,,,,,2.5,0.8,Gorduras e óleos
262,"Manteiga, sem sal",51.5,21.9,1.5,2.11,7.96,23.87,9.64,0.14,,,0.78,0.98,19.8,0.12,1.22,0.27,,,,,2.31,0.51,Gorduras e óleos
263,"Margarina, com óleo hidrogenado, com sal (65% de lipídeos)",14.9,18.2,21.4,0.06,0.11,8.29,5.75,0.23,0.28,0.09,,0.05,17.87,0.28,19.48,1.74,,,,,8.69,1.3,Gorduras e óleos
265,"Margarina, com óleo interesterificado, com sal (65%de lipídeos)",21.9,15.0,27.6,2.5,1.0,12.91,4.35,0.21,0.2,0.08,,0.06,14.7,0.26,24.85,2.64,,,,,0.09,0.24,Gorduras e óleos
266,"Margarina, com óleo interesterificado, sem sal (65% de lipídeos)",20.9,14.4,26.5,2.35,0.94,12.41,4.15,0.2,0.19,0.08,,0.05,14.07,0.25,23.79,2.58,,,,,0.12,0.2,Gorduras e óleos
267,"Óleo, de babaçu",50.9,18.6,30.2,25.03,7.92,9.46,3.14,0.17,0.21,0.07,,,18.51,0.25,27.17,2.86,,,,,,0.19,Gorduras e óleos
268,"Óleo, de canola",7.9,62.6,28.4,,0.06,4.59,2.21,0.57,0.3,0.15,,0.2,61.14,1.11,20.87,6.78,,,,,,0.37,Gorduras e óleos
269,"Óleo, de girassol",10.8,25.4,62.6,,0.07,6.1,3.42,0.26,0.67,0.25,,0.08,25.15,0.18,62.22,0.39,,,,,,1.14,Gorduras e óleos
270,"Óleo, de milho",15.2,33.4,50.9,,,12.12,2.18,0.49,0.18,0.19,,0.12,33.04,0.23,49.94,0.96,,,,,,0.48,Gorduras e óleos
271,"Óleo, de pequi",39.9,55.8,4.2,,0.09,37.37,2.08,0.19,0.05,0.06,,0.83,54.73,0.14,3.74,0.51,,,,,,,Gorduras e óleos
272,"Óleo, de soja",15.2,23.3,60.0,,0.08,10.83,3.36,0.33,0.43,0.14,,0.09,22.98,0.6,53.85,5.72,,,,,,0.5,Gorduras e óleos
273,"Abadejo, filé, congelado, assado",0.5743333333333334,0.3453333333333333,0.14566666666666667,,0.014333333333333332,0.4366666666666667,0.107,,,,,0.019333333333333338,0.2873333333333334,0.021333333333333333,0.019666666666666666,1e-05,1e-05,0.059666666666666666,1e-05,0.06633333333333334,1e-05,,Pescados e frutos do mar
274,"Abadejo, filé, congelado,cozido",0.38099999999999995,0.25933333333333336,0.174,,1e-05,0.28833333333333333,0.08133333333333333,,,,,0.011333333333333334,0.22166666666666668,0.015333333333333332,0.028,,1e-05,0.06233333333333333,1e-05,0.08366666666666667,,,Pescados e frutos do mar
275,"Abadejo, filé, congelado, cru",0.1,1e-05,0.1,1e-05,1e-05,0.06,0.02,,,,,1e-05,0.04,1e-05,1e-05,,0.01,0.01,1e-05,0.08,,,Pescados e frutos do mar
276,"Abadejo, filé, congelado, grelhado",0.5546666666666666,0.32266666666666666,0.5623333333333334,,0.013333333333333334,0.41933333333333334,0.10566666666666667,,,,,0.014666666666666666,0.27466666666666667,0.015666666666666666,0.020666666666666667,0.021333333333333333,1e-05,0.103,,0.41733333333333333,,,Pescados e frutos do mar
277,"Atum, conserva em óleo",1.0,1.3,3.2,,0.02,0.7,0.26,0.02,0.02,,,0.02,1.27,0.02,2.68,0.29,0.03,0.03,,0.19,,0.04,Pescados e frutos do mar
278,"Atum, fresco, cru",0.5,0.2,1e-05,,0.01,0.27,0.17,1e-05,1e-05,1e-05,,0.02,0.18,1e-05,0.01,0.01,1e-05,1e-05,,0.01,1e-05,,Pescados e frutos do mar
279,"Bacalhau, salgado, cru",0.6,0.3,0.2,1e-05,0.03,0.43,0.14,,1e-05,1e-05,,0.03,0.28,1e-05,0.02,0.08,0.03,0.02,,0.06,1e-05,,Pescados e frutos do mar
280,"Bacalhau, salgado, refogado",0.9,1.1,1.2,,0.02,0.65,0.23,0.02,0.02,1e-05,,0.02,1.01,0.03,1.08,0.07,1e-05,0.04,,0.04,0.03,0.01,Pescados e frutos do mar
281,"Cação, posta, com farinha de trigo, frita",1.496,2.212666666666667,5.216333333333335,,0.005999999999999999,1.0273333333333332,0.3706666666666667,0.02666666666666667,0.041666666666666664,0.017666666666666667,,0.005999999999999999,2.168,0.02666666666666667,4.62,0.46900000000000003,0.017666666666666667,0.011666666666666667,0.017666666666666667,0.06566666666666666,,,Pescados e frutos do mar
282,"Cação, posta, cozida",0.2,0.1,0.2,,,0.07,0.12,,,,,1e-05,0.08,0.01,1e-05,,0.03,0.01,0.01,0.12,,,Pescados e frutos do mar
283,"Cação, posta, crua",0.1,0.1,0.2,1e-05,1e-05,0.07,0.07,,,,,1e-05,0.06,0.01,1e-05,,0.02,0.02,0.02,0.1,,,Pescados e frutos do mar
284,"Camarão, Rio Grande, grande, cozido",0.4,0.2,0.2,,0.01,0.23,0.14,0.01,0.01,1e-05,,0.05,0.16,0.01,0.03,1e-05,0.04,0.08,0.01,0.09,0.01,,Pescados e frutos do mar
285,"Camarão, Rio Grande, grande, cru",0.1,0.1,0.2,,1e-05,0.08,0.04,1e-05,,,,0.02,0.06,1e-05,0.02,1e-05,0.02,0.08,0.01,,1e-05,,Pescados e frutos do mar
286,"Camarão, Sete Barbas, sem cabeça, com casca, frito",2.4683333333333333,3.6086666666666667,8.826333333333334,,,1.692,0.5873333333333334,0.045,0.08466666666666667,0.029666666666666664,,0.045,3.544,,7.760666666666666,0.8216666666666667,0.045,0.08466666666666667,,0.09933333333333333,,,Pescados e frutos do mar
287,"Caranguejo, cozido",0.2,0.2,1e-05,,,0.1,0.09,0.01,0.01,,,0.01,0.14,,0.03,1e-05,,,,,,,Pescados e frutos do mar
288,"Corimba, cru",2.5,2.3,0.3,,0.3,1.57,0.31,0.01,0.02,,,1.21,1.02,0.01,0.09,0.12,0.03,0.04,0.01,0.03,0.04,,Pescados e frutos do mar
289,"Corimbatá, assado",4.8,6.393333333333333,2.5833333333333335,,0.51,3.2533333333333334,0.83,,,,,2.91,3.2199999999999998,0.26333333333333336,0.43,0.16666666666666666,0.16,0.8366666666666666,0.32666666666666666,0.25666666666666665,,,Pescados e frutos do mar
290,"Corimbatá, cozido",4.45,6.473333333333334,2.2833333333333337,,0.5233333333333333,3.1466666666666665,0.6766666666666666,,,,,3.1233333333333335,3.106666666666667,0.24333333333333332,0.2066666666666667,0.17,0.16333333333333333,0.8933333333333334,0.3633333333333333,0.2866666666666667,,,Pescados e frutos do mar
291,"Corvina de água doce, crua",1.2,0.7,0.1,,0.04,0.75,0.26,0.01,0.01,0.01,,0.18,0.49,1e-05,0.04,0.03,0.02,0.01,1e-05,1e-05,0.01,,Pescados e frutos do mar
292,"Corvina do mar, crua",0.7,0.5,0.1,,0.05,0.46,0.13,0.01,1e-05,0.01,,0.2,0.27,0.02,0.01,0.02,0.02,0.03,0.03,0.04,0.01,,Pescados e frutos do mar
293,"Corvina grande, assada",1.5,1.2,0.3,,0.12,0.99,0.32,0.02,0.01,1e-05,0.01,0.42,0.69,0.03,0.03,,0.04,0.05,0.04,0.05,0.02,,Pescados e frutos do mar
294,"Corvina grande, cozida",0.7466666666666666,0.62,0.6266666666666667,,0.056666666666666664,0.49,0.16666666666666666,,,,,0.23,0.33333333333333337,0.02666666666666667,0.02,0.013333333333333334,0.08666666666666667,0.17333333333333334,0.1,0.20333333333333334,0.01,,Pescados e frutos do mar
295,"Dourada de água doce, fresca",2.9736666666666665,1.4186666666666667,0.357,0.005,0.19299999999999998,1.848,0.66,0.028666666666666663,0.04566666666666667,0.037333333333333336,,0.29466666666666663,1.0493333333333335,0.07466666666666667,0.137,,0.06266666666666666,0.022000000000000002,0.025333333333333333,0.044000000000000004,0.02033333333333333,,Pescados e frutos do mar
296,"Lambari, congelado, cru",2.0,2.2,1.2,0.02,0.16,1.24,0.47,0.02,0.04,,,0.34,1.82,0.02,0.49,0.17,0.21,0.13,0.06,0.18,0.01,,Pescados e frutos do mar
297,"Lambari, congelado, frito",5.5,7.0,8.1,,0.22,3.4,1.39,0.09,0.12,0.04,0.04,0.02,6.72,0.11,6.43,0.78,0.34,0.03,0.08,0.23,0.04,0.06,Pescados e frutos do mar
298,"Lambari, fresco,cru",3.4033333333333333,3.2840000000000003,1.1023333333333332,0.025333333333333336,0.14933333333333332,2.1060000000000003,0.8826666666666667,0.042333333333333334,0.025333333333333336,0.042333333333333334,,0.38633333333333336,2.8356666666666666,0.050666666666666665,0.5723333333333332,,0.11833333333333333,0.09866666666666667,0.04766666666666667,0.121,0.08466666666666667,0.02266666666666667,Pescados e frutos do mar
299,"Manjuba, com farinha de trigo, frita",5.463333333333333,5.363666666666666,10.425333333333334,,0.2806666666666667,3.736666666666667,1.08,0.08633333333333333,0.10766666666666667,0.043333333333333335,,0.30266666666666664,4.902666666666667,0.09366666666666668,7.530666666666666,0.8423333333333334,0.08633333333333333,0.43933333333333335,0.17299999999999996,1.1596666666666666,,0.043333333333333335,Pescados e frutos do mar
300,"Manjuba, frita",5.3,6.0,11.7,,0.21,3.59,1.17,0.09,0.13,0.06,,0.23,5.53,0.15,8.92,0.87,0.08,0.35,0.14,1.13,,,Pescados e frutos do mar
301,"Merluza, filé, assado",0.2,0.1,0.3,,,0.12,0.06,,,1e-05,,1e-05,0.1,1e-05,0.02,,0.02,0.03,1e-05,0.23,,,Pescados e frutos do mar
302,"Merluza, filé, cru",0.9,0.5,0.4,,0.17,0.59,0.08,1e-05,,0.02,,0.15,0.35,1e-05,0.03,0.05,0.02,0.03,0.02,0.11,,,Pescados e frutos do mar
303,"Merluza, filé, frito",1.4000000000000001,2.086666666666667,4.2733333333333325,,0.08,1.0333333333333334,0.26,,0.02666666666666667,,,0.1366666666666667,1.7733333333333334,0.09666666666666668,3.07,0.35666666666666663,,0.19,1e-05,0.6,,,Pescados e frutos do mar
304,"Pescada, branca, crua",0.8,2.4,0.9,,0.04,0.4,0.22,0.02,0.01,0.01,,0.75,1.61,1e-05,0.04,0.05,0.05,0.18,0.13,0.43,0.01,,Pescados e frutos do mar
305,"Pescada, branca, frita",2.3,3.2,5.2,,0.14,1.55,0.48,0.04,0.05,0.02,,0.16,2.78,0.19,4.21,0.41,0.02,0.01,0.03,0.45,0.01,0.06,Pescados e frutos do mar
306,"Pescada, filé, com farinha de trigo, frito",2.1766666666666667,4.4399999999999995,9.053333333333335,,,1.5466666666666666,0.5266666666666667,0.043333333333333335,0.06,,,0.46,3.913333333333333,0.06666666666666667,6.626666666666668,0.7533333333333333,0.05333333333333334,0.2233333333333333,0.08333333333333333,0.54,,,Pescados e frutos do mar
307,"Pescada, filé, cru",0.9,2.3,0.3,,0.05,0.47,0.24,0.02,0.01,0.01,,0.77,1.51,1e-05,0.03,0.04,0.02,0.06,0.04,0.13,0.01,,Pescados e frutos do mar
308,"Pescada, filé, frito",1.0,1.1,1.2,,0.06,0.64,0.23,0.02,0.01,1e-05,,0.1,0.98,0.04,0.87,0.07,0.02,0.02,0.01,0.12,0.02,0.01,Pescados e frutos do mar
309,"Pescada, filé, molho escabeche",1.3066666666666666,2.9466666666666663,4.3,,,0.9633333333333333,0.2833333333333333,0.02666666666666667,0.03333333333333333,,,0.09,2.82,0.03666666666666667,3.7466666666666666,0.4066666666666667,,0.03,0.016666666666666666,0.1,,,Pescados e frutos do mar
310,"Pescadinha, crua",0.3,0.2,0.4,,0.02,0.19,0.05,,,1e-05,,0.03,0.15,0.01,0.01,0.01,0.01,0.09,0.01,0.23,,,Pescados e frutos do mar
311,"Pintado, assado",1.8,1.3,0.3,1e-05,0.16,1.05,0.46,0.02,0.01,,0.02,0.18,0.97,0.06,0.12,0.06,0.04,0.01,,0.02,1e-05,0.01,Pescados e frutos do mar
312,"Pintado, cru",0.6,0.4,0.1,,0.03,0.4,0.12,1e-05,1e-05,1e-05,,0.12,0.32,1e-05,0.02,0.02,0.01,0.01,0.01,0.01,1e-05,,Pescados e frutos do mar
313,"Pintado, grelhado",1.1,0.7,0.2,1e-05,0.04,0.61,0.34,0.01,0.01,,0.01,0.09,0.5,0.03,0.09,0.02,0.02,0.01,1e-05,1e-05,1e-05,1e-05,Pescados e frutos do mar
314,"Porquinho, cru",0.4,0.1,1e-05,1e-05,0.01,0.19,0.14,1e-05,1e-05,1e-05,,0.01,0.11,1e-05,0.02,1e-05,1e-05,1e-05,,1e-05,1e-05,,Pescados e frutos do mar
315,"Salmão, filé, com pele, fresco,  grelhado",3.14,4.36,6.970000000000001,,0.5066666666666667,2.0233333333333334,0.61,,,,,0.6933333333333334,3.3700000000000006,0.23,2.99,0.39666666666666667,0.09333333333333334,1.2066666666666668,0.5933333333333334,1.22,,,Pescados e frutos do mar
316,"Salmão, sem pele, fresco, cru",2.472333333333333,2.9,3.1326666666666667,0.012333333333333333,0.3013333333333334,1.389333333333333,0.49333333333333335,0.042,0.11933333333333333,0.068,,0.363,2.2556666666666665,0.18933333333333335,1.7343333333333335,0.02666666666666667,0.044333333333333336,0.429,0.217,0.4613333333333333,,,Pescados e frutos do mar
317,"Salmão, sem pele, fresco, grelhado",3.578666666666667,4.145666666666667,4.979333333333333,0.013,0.423,2.000666666666667,0.7323333333333334,0.052,0.17466666666666666,0.10466666666666667,,0.5363333333333334,3.1823333333333337,0.2876666666666667,2.4330000000000003,0.3313333333333333,0.07400000000000001,0.7153333333333333,0.35733333333333334,0.7456666666666667,0.021666666666666667,,Pescados e frutos do mar
318,"Sardinha, assada",1.7,0.5,0.3,,0.16,1.07,0.36,0.03,0.02,0.01,1e-05,0.11,0.33,0.02,0.04,0.02,0.02,0.05,1e-05,0.18,,,Pescados e frutos do mar
319,"Sardinha, conserva em óleo",4.1,5.5,11.9,,0.32,2.66,0.84,0.11,0.11,0.04,,0.33,5.03,0.09,9.78,0.99,0.09,0.44,0.06,0.46,,0.07,Pescados e frutos do mar
320,"Sardinha, frita",2.6,3.1,6.1,,0.07,1.71,0.62,0.06,0.07,0.02,,0.06,2.92,0.04,5.13,0.43,0.03,0.09,0.01,0.36,,0.09,Pescados e frutos do mar
321,"Sardinha, inteira, crua",1.7,0.5,0.2,1e-05,0.21,1.0,0.27,0.02,0.01,0.01,,0.13,0.28,0.02,0.03,0.02,0.01,0.03,1e-05,0.06,1e-05,,Pescados e frutos do mar
322,"Tucunaré, filé, congelado, cru",0.6,0.4,0.4,1e-05,0.03,0.37,0.17,0.01,0.02,1e-05,,0.08,0.26,0.01,0.09,0.02,0.1,,0.02,0.12,0.01,1e-05,Pescados e frutos do mar
323,Apresuntado,1.9333333333333333,2.5866666666666664,1.1333333333333333,,0.06666666666666667,1.2333333333333334,0.6133333333333334,,,,,0.13333333333333333,2.393333333333333,0.043333333333333335,1.0033333333333334,0.043333333333333335,,,,,,,Carnes e derivados
324,"Caldo de carne, tablete",7.8,2.5,0.1,,0.14,3.91,3.64,0.05,0.02,,,0.03,2.47,,0.13,,,,,,5.32,0.1,Carnes e derivados
325,"Caldo de galinha, tablete",9.4,3.2,0.2,0.09,0.12,3.98,5.07,0.07,0.05,0.02,,0.04,3.14,,0.25,,,,,,6.19,0.11,Carnes e derivados
326,"Carne, bovina, acém, moído, cozido",4.8,4.6,0.3,,0.27,2.5,1.83,0.01,0.01,,,0.33,4.17,0.03,0.22,0.02,0.02,,,,0.22,0.02,Carnes e derivados
327,"Carne, bovina, acém, moído, cru",2.7,2.4,0.1,,0.14,1.35,1.09,0.01,0.01,,,0.18,2.22,0.01,0.12,0.01,0.01,,,,0.1,,Carnes e derivados
328,"Carne, bovina, acém, sem gordura, cozido",5.5,3.7,0.3,0.01,0.36,2.68,2.16,0.01,0.01,,,0.33,3.32,0.04,0.22,0.03,0.01,,,,0.28,0.02,Carnes e derivados
329,"Carne, bovina, acém, sem gordura, cru",2.8,2.3,0.2,,0.14,1.33,1.19,0.01,,,,0.16,2.12,0.01,0.14,0.02,0.02,0.01,,,0.17,0.02,Carnes e derivados
330,"Carne, bovina, almôndegas, cruas",3.9,3.5,0.9,0.01,0.25,2.1,1.42,0.02,0.02,,,0.29,3.22,0.02,0.81,0.09,0.02,,,,0.25,0.11,Carnes e derivados
331,"Carne, bovina, almôndegas, fritas",4.2,5.0,5.5,,0.17,2.47,1.4,0.05,0.06,0.02,0.05,0.27,4.59,0.05,4.89,0.52,0.03,,,,0.17,0.05,Carnes e derivados
332,"Carne, bovina, bucho, cozido",2.4,1.4,0.1,,0.11,1.08,1.1,0.01,,0.01,,0.09,1.29,,0.07,0.01,0.01,,,,0.13,0.01,Carnes e derivados
333,"Carne, bovina, bucho, cru",3.3,1.4,0.1,0.01,0.07,1.52,1.49,0.01,,0.02,,0.14,1.26,0.01,0.09,0.01,0.01,,,,0.07,0.01,Carnes e derivados
334,"Carne, bovina, capa de contra-filé, com gordura, crua",6.9,6.2,0.1,0.01,0.53,3.82,2.03,0.01,,,,0.73,5.33,0.01,0.14,,0.01,,,,0.28,0.03,Carnes e derivados
335,"Carne, bovina, capa de contra-filé, com gordura, grelhada",8.8,8.7,0.3,,0.53,4.93,2.82,0.02,,,,0.88,7.67,0.04,0.22,,0.04,0.02,,,0.28,0.02,Carnes e derivados
336,"Carne, bovina, capa de contra-filé, sem gordura, crua",1.9,1.9,0.1,,0.12,1.05,0.58,1e-05,1e-05,1e-05,,0.2,1.66,0.01,0.07,1e-05,0.01,,,,0.06,1e-05,Carnes e derivados
337,"Carne, bovina, capa de contra-filé, sem gordura, grelhada",4.3,4.3,0.2,0.01,0.27,2.42,1.29,0.01,0.01,,,0.44,3.85,,0.16,0.04,0.04,,,,0.14,0.01,Carnes e derivados
338,"Carne, bovina, charque, cozido",4.8,5.4,0.4,,0.31,2.61,1.73,0.01,0.02,,0.1,0.5,4.68,0.02,0.19,0.05,0.06,0.02,0.04,,0.32,0.08,Carnes e derivados
339,"Carne, bovina, charque, cru",8.7,6.6,0.2,,0.8,4.45,3.14,,,,,0.54,5.7,,0.16,,,,,,0.8,,Carnes e derivados
340,"Carne, bovina, contra-filé, à milanesa",7.242666666666666,8.076333333333334,6.903999999999999,,0.329,4.206666666666666,2.3480000000000003,0.04566666666666667,0.061,0.023000000000000003,0.09200000000000001,0.451,7.364666666666667,0.031,6.2236666666666665,0.6116666666666667,0.04566666666666667,,0.023000000000000003,,0.35933333333333334,,Carnes e derivados
341,"Carne, bovina, contra-filé de costela, cru",6.7,4.6,0.1,0.01,0.4,3.15,2.85,0.02,0.01,,,0.35,4.21,0.02,0.13,,,,,,0.24,0.01,Carnes e derivados
342,"Carne, bovina, contra-filé de costela, grelhado",8.8,5.6,0.2,0.02,0.59,4.28,3.53,0.02,,,,0.47,5.06,,0.17,0.03,0.02,,,,0.23,0.02,Carnes e derivados
343,"Carne, bovina, contra-filé, com gordura, cru",5.6,5.5,0.2,0.01,0.41,3.21,1.57,0.01,0.01,,,0.62,4.81,0.01,0.15,0.05,0.02,,,,0.17,0.02,Carnes e derivados
344,"Carne, bovina, contra-filé, com gordura, grelhado",7.4,6.3,0.2,0.01,0.5,4.24,2.24,0.01,,,,0.63,5.58,,0.14,0.03,0.01,,,,0.19,0.01,Carnes e derivados
345,"Carne, bovina, contra-filé, sem gordura, cru",2.7,2.6,0.1,,0.15,1.48,0.89,0.01,,,,0.22,2.32,0.01,0.09,,0.02,0.01,,,0.08,0.01,Carnes e derivados
346,"Carne, bovina, contra-filé, sem gordura, grelhado",2.0333333333333337,1.9,0.1,,0.09,1.12,0.68,,,0.01,,0.16,1.75,,0.07,0.01,0.01,,,,0.04,,Carnes e derivados
347,"Carne, bovina, costela, assada",11.8,12.1,0.3,0.03,0.89,6.32,3.76,0.03,,,,1.17,10.64,0.08,0.13,0.15,0.03,,,,0.76,0.1,Carnes e derivados
348,"Carne, bovina, costela, crua",14.9,12.7,0.3,0.03,1.11,7.76,5.15,0.03,,,,1.31,11.05,0.12,0.15,0.12,,,,,0.76,0.15,Carnes e derivados
349,"Carne, bovina, coxão duro, sem gordura, cozido",3.5,4.1,0.2,,0.2,1.99,1.14,0.01,0.01,,,0.45,3.59,0.01,0.11,0.02,0.02,,,,0.16,0.08,Carnes e derivados
350,"Carne, bovina, coxão duro, sem gordura, cru",2.86,2.4,0.1,,0.21,1.66,0.98,0.01,,,,0.22,2.12,,0.05,0.01,0.01,,,,0.1,0.04,Carnes e derivados
351,"Carne, bovina, coxão mole, sem gordura, cozido",4.3,3.4,0.2,,0.26,2.36,1.46,0.01,,,,0.28,3.1,0.01,0.14,0.01,0.02,,,,0.15,0.05,Carnes e derivados
352,"Carne, bovina, coxão mole, sem gordura, cru",3.9,3.7,0.1,,0.29,2.34,1.06,0.01,,,,0.45,3.23,,0.08,0.01,0.01,,,,0.12,0.02,Carnes e derivados
353,"Carne, bovina, cupim, assado",5.5,5.4,0.2,0.02,0.4,3.07,1.65,0.01,0.01,,,0.61,4.71,0.02,0.16,0.03,0.02,,,,0.22,0.01,Carnes e derivados
354,"Carne, bovina, cupim, cru",6.8,6.4,0.2,0.01,0.46,3.8,2.06,0.01,0.01,,,0.71,5.56,0.04,0.15,0.06,,,,,0.3,0.03,Carnes e derivados
355,"Carne, bovina, fígado, cru",2.79,1.5,0.1,1e-05,0.18,1.28,1.44,0.01,0.01,1e-05,,0.09,1.43,0.01,0.05,1e-05,1e-05,,1e-05,,0.16,0.05,Carnes e derivados
356,"Carne, bovina, fígado, grelhado",4.7,2.2,1.1,,0.14,2.3,1.86,0.01,0.12,0.02,,0.23,1.89,,0.37,0.1,0.31,0.07,0.16,0.04,0.09,0.02,Carnes e derivados
357,"Carne, bovina, filé mingnon, sem gordura, cru",2.9,1.9,0.2,,0.17,1.44,1.16,0.01,0.01,,,0.15,1.69,0.01,0.11,0.02,0.03,0.01,,,0.1,0.01,Carnes e derivados
358,"Carne, bovina, filé mingnon, sem gordura, grelhado",4.5,3.1,0.2,,0.25,2.21,1.76,0.01,,0.01,,0.23,2.87,,0.16,0.02,0.02,,,,0.14,0.02,Carnes e derivados
359,"Carne, bovina, flanco, sem gordura, cozido",3.9,2.8,0.1,,0.27,2.07,1.4,0.01,,,,0.28,2.49,0.01,0.08,0.01,,,,,0.16,,Carnes e derivados
360,"Carne, bovina, flanco, sem gordura, cru",3.1,2.3,0.1,,0.19,1.65,1.13,0.01,,,,0.18,2.09,,0.07,0.01,0.01,,,,0.11,0.02,Carnes e derivados
361,"Carne, bovina, fraldinha, com gordura, cozida",12.1,10.4,0.5,0.02,0.95,6.35,3.98,0.02,,,,1.1,9.07,0.07,0.29,0.12,0.05,,,,0.5,0.05,Carnes e derivados
362,"Carne, bovina, fraldinha, com gordura, crua",7.3,6.5,0.3,0.01,0.59,3.77,2.39,0.01,,,,0.71,5.63,0.06,0.16,0.09,0.01,,,,0.43,,Carnes e derivados
363,"Carne, bovina, lagarto, cozido",3.9,4.0,0.2,,0.22,2.22,1.25,0.01,0.02,,,0.42,3.54,0.01,0.12,0.02,0.01,,,,0.15,0.07,Carnes e derivados
364,"Carne, bovina, lagarto, cru",2.3,2.3,0.1,,0.14,1.36,0.66,,1e-05,,,0.25,1.98,,0.06,0.01,1e-05,,,,0.08,1e-05,Carnes e derivados
365,"Carne, bovina, língua, cozida",11.2,10.3,0.5,,0.68,5.54,4.2,0.02,0.02,,,0.77,9.31,,0.43,0.09,0.02,,,,0.41,0.02,Carnes e derivados
366,"Carne, bovina, língua, crua",6.8,6.8,0.3,0.01,0.41,3.4,2.63,0.01,,,,0.48,6.11,0.06,0.26,0.04,0.01,,0.01,,0.29,0.01,Carnes e derivados
367,"Carne, bovina, maminha, crua",3.1,3.1,0.1,0.01,0.21,1.71,0.93,0.01,,,,0.32,2.7,0.01,0.09,0.01,0.01,,,,0.08,0.01,Carnes e derivados
368,"Carne, bovina, maminha, grelhada",9.7,7.7,0.2,0.02,0.63,4.96,3.49,0.04,0.02,,,0.77,6.79,0.04,0.19,0.04,0.02,,,,0.42,0.06,Carnes e derivados
369,"Carne, bovina, miolo de alcatra, sem gordura, cru",3.4,3.3,0.1,,0.2,1.79,1.1,0.01,0.01,,,0.36,2.85,0.02,,0.04,0.03,0.01,,,0.16,0.01,Carnes e derivados
370,"Carne, bovina, miolo de alcatra, sem gordura, grelhado",5.1,4.9,0.3,,0.32,2.82,1.61,0.01,0.01,,,0.52,4.28,0.03,0.16,0.04,0.04,0.01,,,0.21,0.01,Carnes e derivados
371,"Carne, bovina, músculo, sem gordura, cozido",2.9,2.8,0.1,,0.13,1.64,0.99,0.01,0.01,0.01,,0.26,2.48,0.01,0.09,0.03,0.01,,,,0.13,0.05,Carnes e derivados
372,"Carne, bovina, músculo, sem gordura, cru",2.2,2.6,0.1,,0.12,1.27,0.71,0.01,0.01,,,0.21,2.35,0.01,0.07,0.01,0.01,,,,0.08,0.02,Carnes e derivados
373,"Carne, bovina, paleta, com gordura, crua",3.5,2.9,0.2,0.01,0.19,1.72,1.38,0.01,,,,0.24,2.6,0.02,0.12,0.01,0.01,,,,0.2,0.01,Carnes e derivados
374,"Carne, bovina, paleta, sem gordura, cozida",3.4,3.0,0.2,0.01,0.18,1.68,1.31,0.01,0.01,0.01,,0.23,2.69,0.02,0.16,0.01,0.01,,,,0.15,0.01,Carnes e derivados
375,"Carne, bovina, paleta, sem gordura, crua",2.7,2.1,0.1,0.01,0.15,1.33,1.11,0.01,,,,0.16,1.9,0.01,0.11,,0.01,,,,0.15,0.03,Carnes e derivados
376,"Carne, bovina, patinho, sem gordura, cru",2.0,1.9,0.2,,0.11,1.08,0.66,,0.01,,,0.17,1.65,0.01,0.1,0.02,0.03,,,,0.07,0.01,Carnes e derivados
377,"Carne, bovina, patinho, sem gordura, grelhado",3.1,3.1,0.3,0.01,0.15,1.59,1.13,0.01,0.01,0.01,,0.25,2.81,0.04,0.17,0.03,0.05,0.01,0.03,,0.11,0.01,Carnes e derivados
378,"Carne, bovina, peito, sem gordura, cozido",11.7,11.5,0.4,0.02,0.86,6.1,4.08,0.02,,,,1.09,10.21,0.07,0.32,0.1,0.02,,,,0.67,0.05,Carnes e derivados
379,"Carne, bovina, peito, sem gordura, cru",8.2,9.2,0.5,,0.56,4.4,2.62,0.02,,,,0.95,8.03,0.04,0.26,0.15,0.02,,,,0.54,0.04,Carnes e derivados
380,"Carne, bovina, picanha, com gordura, crua",6.1,6.7,0.3,,0.42,3.46,1.83,0.01,0.01,,,0.73,5.86,0.01,0.22,0.05,0.03,,,,0.22,0.03,Carnes e derivados
381,"Carne, bovina, picanha, com gordura, grelhada",7.9,9.2,0.4,,0.59,4.59,2.15,0.02,0.02,,,1.01,8.04,0.03,0.25,0.07,0.05,0.02,,,0.23,0.04,Carnes e derivados
382,"Carne, bovina, picanha, sem gordura, crua",2.0,2.1,0.1,1e-05,0.15,1.18,0.61,1e-05,1e-05,1e-05,,0.22,1.83,0.01,0.08,1e-05,0.01,,,,0.04,1e-05,Carnes e derivados
383,"Carne, bovina, picanha, sem gordura, grelhada",4.5,5.2,0.3,0.01,0.32,2.48,1.36,0.01,0.01,0.01,,0.51,4.64,,0.22,,0.04,,,,0.11,0.02,Carnes e derivados
384,"Carne, bovina, seca, cozida",10.5,8.3,0.4,0.03,0.68,5.11,4.42,0.04,,,0.12,0.59,7.52,0.03,0.24,0.08,0.05,,0.05,,0.71,0.22,Carnes e derivados
385,"Carne, bovina, seca, crua",8.7,7.5,0.3,0.02,0.7,4.45,3.05,0.03,,,0.18,0.4,6.76,0.04,0.18,0.1,0.03,,0.05,,0.59,0.07,Carnes e derivados
386,"Coxinha de frango, frita",2.6,3.4,4.7,0.01,0.03,1.76,0.65,0.05,0.06,0.02,,0.02,3.32,0.07,4.33,0.32,0.01,,,,0.45,0.13,Carnes e derivados
388,"Croquete, de carne, frito",5.083333333333333,7.353333333333333,11.54,,0.12666666666666668,3.1266666666666665,1.51,0.08,0.09666666666666668,0.04,,0.15666666666666665,7.096666666666667,0.07,10.473333333333334,1.0433333333333332,,,,,0.2733333333333334,,Carnes e derivados
390,"Empada, de frango, pré-cozida",5.4,5.2,1.4,,0.03,2.62,2.56,0.08,0.08,0.03,,0.04,5.12,0.03,1.22,0.07,,,,,6.21,0.96,Carnes e derivados
391,"Frango, asa, com pele, crua",4.4,6.6,3.0,,0.09,3.36,0.93,,0.03,,,0.8,5.75,,2.96,0.01,0.06,,,,0.03,0.01,Carnes e derivados
392,"Frango, caipira, inteiro, com pele, cozido",4.4,7.5,2.3,,0.09,3.23,1.0,0.01,1e-05,,,0.69,6.73,0.03,2.18,0.09,1e-05,,1e-05,1e-05,0.03,0.01,Carnes e derivados
393,"Frango, caipira, inteiro, sem pele, cozido",2.2,3.4,1.2,,0.04,1.57,0.59,0.01,1e-05,1e-05,,0.26,3.14,0.02,1.16,0.04,1e-05,,1e-05,1e-05,0.01,,Carnes e derivados
394,"Frango, coração, cru",4.9,6.3,3.4,,0.12,3.49,1.16,0.01,0.01,,,0.66,5.56,0.06,3.15,0.13,0.09,,,,0.09,,Carnes e derivados
395,"Frango, coração, grelhado",3.4996666666666667,4.259666666666667,1.5876666666666668,,0.05733333333333334,2.332,1.0336666666666667,0.019,0.019,0.009666666666666665,0.009666666666666665,0.369,0.08299999999999999,0.03833333333333333,1.4120000000000001,0.03833333333333333,0.083,,0.009666666666666665,,0.08299999999999999,0.019,Carnes e derivados
396,"Frango, coxa, com pele, assada",3.1,3.8,2.2,,0.06,2.28,0.76,0.02,1e-05,,0.01,0.38,3.35,0.02,2.11,0.09,1e-05,1e-05,,,0.12,0.02,Carnes e derivados
397,"Frango, coxa, com pele, crua",3.0,4.1,2.2,,0.05,2.24,0.68,0.01,0.02,,,0.45,3.61,0.02,2.0,0.09,0.05,,,,0.04,,Carnes e derivados
398,"Frango, coxa, sem pele, cozida",2.0,2.1,1.1,,0.12,1.31,0.5,0.01,1e-05,,0.01,0.2,1.84,0.01,1.1,0.05,1e-05,1e-05,,,,,Carnes e derivados
399,"Frango, coxa, sem pele, crua",1.6,2.1,0.8,,0.03,1.19,0.4,1e-05,0.01,,,0.24,1.82,0.01,0.8,0.02,0.03,,,,0.01,,Carnes e derivados
400,"Frango, fígado, cru",1.3,0.7,0.6,1e-05,0.02,0.69,0.58,0.01,0.01,0.01,,0.05,0.58,0.01,0.38,0.01,0.13,,0.03,0.02,0.01,,Carnes e derivados
401,"Frango, filé, à milanesa",1.6,2.4,3.3,,0.02,1.09,0.44,0.03,0.04,0.02,,0.05,2.24,0.03,3.01,0.23,0.04,0.02,,,0.02,0.02,Carnes e derivados
402,"Frango, inteiro, com pele, cru",5.2,7.2,3.9,,0.11,3.94,1.01,0.02,0.03,,,0.88,6.31,0.03,3.57,0.2,0.07,,,,0.07,,Carnes e derivados
403,"Frango, inteiro, sem pele, assado",2.1,2.6,1.8,,0.04,1.48,0.57,0.01,1e-05,1e-05,0.01,0.19,2.36,0.02,1.73,0.09,1e-05,1e-05,,,0.1,0.02,Carnes e derivados
404,"Frango, inteiro, sem pele, cozido",2.2,2.5,1.5,,0.04,1.58,0.55,0.01,1e-05,,0.01,0.23,2.26,0.02,1.42,0.07,1e-05,1e-05,,,0.09,0.02,Carnes e derivados
405,"Frango, inteiro, sem pele, cru",1.4,1.9,1.0,,0.03,1.04,0.31,1e-05,0.01,,,0.23,1.63,0.01,0.92,0.04,0.05,,,,0.01,,Carnes e derivados
406,"Frango, peito, com pele, assado",2.2,2.7,1.8,,0.04,1.53,0.56,0.01,1e-05,1e-05,0.01,0.22,2.45,0.02,1.7,0.1,1e-05,1e-05,1e-05,,0.1,0.02,Carnes e derivados
407,"Frango, peito, com pele, cru",2.2,3.2,0.9,,0.06,1.66,0.46,0.01,0.01,,,0.44,2.75,0.03,0.8,0.03,0.03,,,,0.03,,Carnes e derivados
408,"Frango, peito, sem pele, cozido",1.1,1.1,0.6,,0.02,0.74,0.33,0.01,1e-05,1e-05,,0.07,0.98,0.01,0.53,0.02,1e-05,1e-05,,,0.04,0.01,Carnes e derivados
409,"Frango, peito, sem pele, cru",1.1,1.3,1e-05,,0.03,0.79,0.25,1e-05,0.01,,,0.16,1.16,0.01,1e-05,0.01,0.02,,,,0.01,,Carnes e derivados
410,"Frango, peito, sem pele, grelhado",0.9,0.9,0.3,,0.02,0.65,0.27,1e-05,1e-05,1e-05,,0.07,0.8,0.01,0.31,0.01,1e-05,1e-05,,,0.04,1e-05,Carnes e derivados
411,"Frango, sobrecoxa, com pele, assada",4.2,5.4,3.9,,0.07,3.08,1.02,0.01,1e-05,,0.02,0.5,4.8,0.04,3.64,0.21,1e-05,1e-05,,,0.19,0.04,Carnes e derivados
412,"Frango, sobrecoxa, com pele, crua",6.5,9.6,3.6,,0.12,4.96,1.31,0.02,0.02,,,1.13,8.44,0.02,3.41,0.12,0.08,,,,0.06,,Carnes e derivados
413,"Frango, sobrecoxa, sem pele, assada",3.3,4.2,3.1,,0.06,2.41,0.82,0.01,1e-05,,0.01,0.42,3.76,0.03,2.86,0.17,1e-05,1e-05,,,0.14,0.04,Carnes e derivados
414,"Frango, sobrecoxa, sem pele, crua",3.0,4.5,1.6,,0.06,2.3,0.61,0.01,0.02,,,0.57,3.87,0.02,1.45,0.04,0.05,,,,0.03,,Carnes e derivados
415,"Hambúrguer, bovino, cru",5.7,5.8,0.8,0.02,0.39,3.06,1.97,0.02,,,0.12,0.58,4.96,0.03,0.68,0.08,0.03,,,0.01,0.81,0.19,Carnes e derivados
416,"Hambúrguer, bovino, frito",5.9,6.0,3.7,,0.29,3.18,2.19,0.03,0.03,0.02,0.07,0.41,5.37,0.07,3.28,0.29,0.03,,0.02,,0.33,0.11,Carnes e derivados
417,"Hambúrguer, bovino, grelhado",5.1,4.8,1.2,,0.26,2.72,2.01,0.02,0.01,,0.05,0.42,4.25,0.02,1.08,0.1,0.04,0.02,,,0.3,0.06,Carnes e derivados
418,"Lingüiça, frango, crua",5.2,7.3,3.5,0.01,0.16,3.59,1.35,0.02,,,0.01,0.52,6.7,0.08,3.08,0.17,,,,,0.04,,Carnes e derivados
419,"Lingüiça, frango, frita",5.0,7.2,4.3,,0.14,3.46,1.33,0.03,,,,0.45,6.6,0.1,3.85,0.25,0.09,,,,0.04,,Carnes e derivados
420,"Lingüiça, frango, grelhada",4.7,6.8,3.4,,0.14,3.26,1.26,0.02,,,,0.44,6.2,0.09,3.0,0.17,0.09,,,,0.04,,Carnes e derivados
421,"Lingüiça, porco, crua",4.0,5.0,1.7,0.01,0.15,2.52,1.24,0.02,,,,0.25,4.66,0.08,1.48,0.05,0.06,,,,0.03,,Carnes e derivados
422,"Lingüiça, porco, frita",6.5,8.2,2.7,,0.25,4.17,2.01,0.03,,,,0.29,7.66,0.13,2.43,0.11,0.09,,,,0.03,,Carnes e derivados
423,"Lingüiça, porco, grelhada",7.0,8.7,2.6,,0.27,4.47,2.17,0.03,,,,0.44,8.07,0.13,2.35,0.1,0.1,,,,0.03,,Carnes e derivados
424,Mortadela,6.12,8.12,4.683333333333333,,0.16666666666666666,4.153333333333333,1.7433333333333334,,,,,0.5966666666666667,7.3566666666666665,0.12333333333333334,4.406666666666666,0.27666666666666667,,,,,,,Carnes e derivados
425,"Peru, congelado, assado",1.6,1.2,1.4,,0.03,1.1,0.47,0.02,1e-05,1e-05,,0.11,1.6,0.01,1.41,0.03,1e-05,1e-05,,,0.02,1e-05,Carnes e derivados
426,"Peru, congelado, cru",0.4,0.4,0.7,0.01,0.01,0.26,0.14,1e-05,0.01,,,0.03,0.41,1e-05,0.63,0.03,0.06,,,,,,Carnes e derivados
427,"Porco, bisteca, crua",3.5,3.9,1.2,0.01,0.13,2.17,1.12,0.02,,,,0.21,3.37,0.06,1.12,0.05,0.05,,,,,,Carnes e derivados
428,"Porco, bisteca, frita",5.974666666666666,6.581333333333333,4.563333333333333,0.05333333333333334,0.313,3.583,1.936,0.035333333333333335,0.018,0.018,,0.248,6.173666666666667,0.10633333333333334,4.066666666666666,0.31866666666666665,0.071,,0.018,,0.15966666666666665,0.05333333333333334,Carnes e derivados
429,"Porco, bisteca, grelhada",7.5,7.7,1.2,0.02,0.27,4.27,2.82,0.03,,,,0.31,7.14,0.13,1.03,0.03,0.03,,,,0.09,,Carnes e derivados
430,"Porco, costela, assada",11.8,13.9,3.1,,0.34,7.1,4.16,0.06,,,,0.63,12.9,0.23,2.75,0.12,0.09,,,,0.06,,Carnes e derivados
431,"Porco, costela, crua",7.4,8.3,2.3,0.02,0.28,4.59,2.42,0.03,,,,0.45,7.64,0.12,2.11,0.09,0.08,,,,,,Carnes e derivados
432,"Porco, lombo, assado",2.6,2.9,0.7,,0.08,1.54,0.97,0.01,,,,0.11,2.63,0.16,0.55,0.07,0.02,,,,0.02,,Carnes e derivados
433,"Porco, lombo, cru",3.3,3.7,1.0,0.01,0.12,2.08,1.0,0.02,,,,0.22,3.39,0.06,0.88,0.04,0.05,,,,,,Carnes e derivados
434,"Porco, orelha, salgada, crua",7.3,11.2,2.8,0.02,0.33,4.99,1.84,0.03,,,,0.9,10.15,0.19,2.58,0.11,0.09,,,,,,Carnes e derivados
435,"Porco, pernil, assado",4.8,6.4,1.9,,0.15,2.96,1.59,0.03,,,,0.29,5.91,0.11,1.66,0.05,0.11,,,,,,Carnes e derivados
436,"Porco, pernil, cru",4.2,5.0,1.7,0.01,0.16,2.58,1.29,0.02,0.02,,,0.26,4.64,0.09,1.51,0.06,0.08,,,,,,Carnes e derivados
437,"Porco, rabo, salgado, cru",11.6,16.7,4.3,,0.37,7.37,3.58,0.07,,,,0.78,15.49,0.3,3.85,0.16,0.07,,,,0.07,,Carnes e derivados
438,"Presunto, com capa de gordura",1.9466666666666665,2.5833333333333335,0.9966666666666667,,0.06,1.2233333333333334,0.63,0.01,,,,0.13,2.3866666666666663,0.05333333333333334,0.8666666666666666,0.036666666666666674,0.043333333333333335,,,,0.01,,Carnes e derivados
439,"Presunto, sem capa de gordura",0.8566666666666668,1.13,0.46,,0.02666666666666667,0.5466666666666666,0.27,,,,,0.06666666666666667,1.0433333333333332,0.016666666666666666,0.38333333333333336,0.013333333333333334,0.04,,,,,,Carnes e derivados
440,"Quibe, assado",1.232,0.9470000000000001,0.27399999999999997,,0.07666666666666666,0.6806666666666666,0.43333333333333335,,,,,0.06333333333333334,0.8736666666666667,,0.25066666666666665,0.023333333333333334,,,1e-05,,0.06066666666666667,,Carnes e derivados
441,"Quibe, cru",0.6499999999999999,0.6966666666666668,0.28,,0.03,0.35,0.24,,,,,0.056666666666666664,0.6333333333333334,0.006666666666666667,0.21,0.03,0.02,0.01,0.01,,0.03333333333333333,,Carnes e derivados
442,"Quibe, frito",4.577333333333334,5.025,4.998666666666666,,0.16133333333333333,2.502333333333333,1.6766666666666665,0.04033333333333333,0.04533333333333334,0.030333333333333334,0.025333333333333333,0.16633333333333333,4.7476666666666665,0.04533333333333334,4.5456666666666665,0.4076666666666666,0.030333333333333334,,,,0.18133333333333335,0.07533333333333332,Carnes e derivados
443,Salame,9.573333333333334,12.076666666666668,4.666666666666667,,0.33666666666666667,5.78,3.0933333333333337,0.05333333333333334,,,,0.5466666666666667,11.206666666666667,0.22666666666666666,4.226666666666667,0.19,0.03,,,,0.10333333333333333,,Carnes e derivados
444,"Toucinho, cru",17.7,20.1,10.1,0.06,0.75,11.42,5.21,0.09,,,,0.98,18.82,0.28,9.32,0.68,0.15,,,,0.21,,Carnes e derivados
445,"Toucinho, frito",20.0,26.2,14.6,,0.64,12.89,6.17,0.12,0.07,,,1.02,24.55,0.45,12.93,0.86,,,0.06,,0.33,0.25,Carnes e derivados
446,"Bebida láctea, pêssego",1.1,0.6,1e-05,0.05,0.19,0.54,0.25,1e-05,1e-05,,0.01,0.02,0.53,0.01,0.03,0.02,1e-05,,,,0.06,1e-05,Leite e derivados
447,Creme de Leite,11.82,5.1,0.45,0.49,1.91,5.58,2.3833333333333333,0.04,,,0.18333333333333335,0.3633333333333333,4.503333333333334,,0.32666666666666666,0.07,,,,,0.63,,Leite e derivados
448,"Iogurte, natural",1.8,0.9,0.1,0.07,0.3,0.91,0.4,0.01,1e-05,1e-05,0.02,0.04,0.83,0.01,0.06,0.03,1e-05,,1e-05,1e-05,,,Leite e derivados
449,"Iogurte, natural, desnatado",0.2,0.1,,0.01,0.03,0.1,0.05,,,,,,0.09,,1e-05,,,,,,0.01,,Leite e derivados
451,"Iogurte, sabor morango",1.4,0.7,0.1,0.07,0.26,0.7,0.29,1e-05,,,0.01,0.03,0.62,1e-05,0.05,0.02,1e-05,,1e-05,1e-05,,,Leite e derivados
452,"Iogurte, sabor pêssego",1.4,0.6,0.1,0.06,0.25,0.7,0.29,1e-05,1e-05,,0.01,0.03,0.59,1e-05,0.04,0.02,1e-05,,,,0.06,1e-05,Leite e derivados
453,"Leite, condensado",4.2,1.7,0.2,0.17,0.73,2.1,0.82,0.01,,,,0.14,1.47,0.02,0.1,0.04,,,,,0.2,0.03,Leite e derivados
454,"Leite, de cabra",2.4,0.8,0.1,0.1,0.29,1.0,0.6,0.01,1e-05,,,0.03,0.79,,0.11,0.01,0.01,,,,0.1,0.02,Leite e derivados
455,"Leite, de vaca, achocolatado",1.1,0.6,0.1,0.03,0.14,0.53,0.29,0.01,1e-05,1e-05,0.01,0.03,0.56,1e-05,0.11,0.01,1e-05,,,,0.19,0.03,Leite e derivados
456,"Leite, de vaca, desnatado, pó",0.6,0.2,1e-05,0.02,0.09,0.29,0.12,1e-05,0.01,1e-05,0.01,0.02,0.2,,0.03,1e-05,1e-05,,,,0.02,1e-05,Leite e derivados
458,"Leite, de vaca, integral",1.4,0.7,0.1,0.06,0.25,0.71,0.29,,,,0.01,0.03,0.65,,0.04,0.02,,,1e-05,1e-05,,,Leite e derivados
459,"Leite, de vaca, integral, pó",16.3,7.1,0.5,0.58,2.62,8.11,3.48,0.05,,0.03,0.15,0.56,6.25,0.05,0.41,0.1,,,,,0.84,0.1,Leite e derivados
461,"Queijo, minas, frescal",11.4,5.8,0.4,0.41,1.73,5.78,2.53,0.04,0.02,0.02,0.16,0.39,5.14,0.04,0.28,0.06,0.02,,,,0.54,0.12,Leite e derivados
462,"Queijo, minas, meia cura",13.226666666666667,5.586666666666666,0.33666666666666667,0.5533333333333333,2.1266666666666665,6.15,2.586666666666667,0.05,,,0.23,0.4566666666666666,4.82,,0.23666666666666666,0.1,,,,,0.9866666666666667,,Leite e derivados
463,"Queijo, mozarela",14.233333333333334,5.95,0.49666666666666665,0.6133333333333333,2.3733333333333335,6.656666666666666,3.02,,,,0.22,0.43333333333333335,5.223333333333334,,0.30666666666666664,0.077,,,,,0.8566666666666666,,Leite e derivados
464,"Queijo, parmesão",19.7,8.7,0.4,0.7,3.26,10.07,4.24,0.06,0.03,0.03,0.32,0.63,7.67,0.03,0.29,0.11,0.03,,,,1.01,0.16,Leite e derivados
465,"Queijo, pasteurizado",15.9,7.3,0.4,0.58,2.58,8.05,3.38,0.05,,,0.23,0.49,6.45,0.05,0.33,0.08,,,,,0.85,0.18,Leite e derivados
466,"Queijo, petit suisse, morango",1.6,0.8,1e-05,0.05,0.23,0.81,0.4,0.01,,,0.02,0.05,0.76,,0.04,0.01,,,,,0.09,,Leite e derivados
467,"Queijo, prato",16.286666666666665,6.776666666666666,0.53,0.7133333333333334,2.6733333333333333,7.593333333333334,3.1633333333333336,,,,0.27,0.5133333333333333,5.906666666666666,,0.42333333333333334,0.10666666666666667,,,,,0.87,,Leite e derivados
468,"Queijo, requeijão, cremoso",13.7,6.4,0.3,0.52,2.26,7.16,2.72,0.04,0.04,0.02,0.24,0.5,5.54,0.04,0.24,0.07,,,,,0.55,0.11,Leite e derivados
469,"Queijo, ricota",4.5,2.4,0.2,0.15,0.66,2.28,1.06,0.02,0.02,0.02,0.06,0.15,2.16,0.02,0.14,0.02,0.01,,,,0.21,0.04,Leite e derivados
484,"Omelete, de queijo",6.397999999999999,6.987666666666666,6.198,0.08333333333333333,0.423,4.201,1.5596666666666668,0.04133333333333333,0.04833333333333334,0.021,0.04133333333333333,0.25666666666666665,6.6066666666666665,0.04833333333333334,5.525,0.444,0.14566666666666664,,,0.04133333333333333,0.14566666666666664,,Ovos e derivados
485,"Ovo, de codorna, inteiro, cru",8.9,12.1,2.7,1e-05,0.13,6.39,2.31,0.01,0.03,,0.03,1.07,11.01,0.03,2.2,0.1,0.44,,,,0.04,0.07,Ovos e derivados
487,"Ovo, de galinha, gema, cozida/10minutos",9.2,12.1,4.0,,0.08,6.56,2.43,,0.03,,,0.67,11.29,0.07,3.25,0.05,0.44,,,0.1,0.05,0.03,Ovos e derivados
488,"Ovo, de galinha, inteiro, cozido/10minutos",2.9,3.8,1.1,,0.02,2.07,0.76,,0.01,,,0.21,3.51,0.02,0.94,0.02,0.12,,,0.02,0.02,,Ovos e derivados
489,"Ovo, de galinha, inteiro, cru",2.6,3.6,1.2,,0.02,1.87,0.69,,0.01,0.01,,0.23,3.33,0.01,0.88,0.02,0.14,,0.05,0.04,,,Ovos e derivados
490,"Ovo, de galinha, inteiro, frito",4.1163333333333325,5.727000000000001,4.913333333333332,,0.03,2.945,1.0513333333333332,0.015,0.03,0.015,,0.22799999999999998,5.449000000000001,0.035,4.343,0.332,0.17366666666666664,,,0.034666666666666665,0.015,,Ovos e derivados
491,"Achocolatado, pó",1.1,0.6,0.3,1e-05,0.02,0.51,0.55,0.02,0.01,1e-05,,0.01,0.62,,0.29,0.03,,,,,0.01,,Produtos açucarados
495,"Chocolate, ao leite",17.5,10.0,0.9,0.09,0.34,7.46,9.12,0.26,0.03,,,0.14,9.75,0.06,0.91,0.03,,,,,0.17,0.1,Produtos açucarados
496,"Chocolate, ao leite, com castanha do Pará",14.1,9.3,3.2,0.1,0.33,6.24,6.73,0.2,0.04,0.02,,0.09,9.14,,3.09,0.07,,,,,0.2,,Produtos açucarados
497,"Chocolate, ao leite, dietético",19.2,11.4,1.5,0.06,0.22,8.08,10.29,0.31,0.06,0.03,,0.1,11.32,,1.41,0.1,,,,,0.18,,Produtos açucarados
498,"Chocolate, meio amargo",13.1,8.1,1.0,0.01,0.06,5.61,7.08,0.21,0.04,0.02,,0.05,8.03,0.01,0.94,0.06,,,,,0.14,,Produtos açucarados
499,Cocada branca,8.4,0.4,0.1,4.56,1.56,0.61,0.2,,,,,,0.36,,0.07,,,,,,,,Produtos açucarados
500,"Doce, de abóbora, cremoso",1e-05,1e-05,1e-05,1e-05,1e-05,0.02,1e-05,1e-05,,1e-05,,,0.02,,0.01,0.01,,,,,,,Produtos açucarados
501,"Doce, de leite, cremoso",1.3166666666666667,3.86,1.95,,,0.73,0.16666666666666666,0.08333333333333333,0.20333333333333337,0.12666666666666668,,,3.74,0.10666666666666667,1.94,0.01,,,,,,,Produtos açucarados
502,"Geléia, mocotó, natural",1e-05,1e-05,1e-05,,,1e-05,1e-05,,,,,,1e-05,,1e-05,,,,,,,,Produtos açucarados
509,Quindim,11.326666666666666,4.753333333333333,4.696666666666666,4.096666666666667,1.6,2.97,1.4733333333333334,0.04,0.03666666666666667,,,0.16333333333333333,4.55,0.043333333333333335,4.186666666666667,0.35,0.10666666666666667,,,,0.05,,Produtos açucarados
511,"Café, pó, torrado",5.3,1.1,4.9,,0.01,4.04,0.95,0.29,0.06,,,0.01,1.11,0.02,4.82,0.11,,,,,,,Miscelâneas
512,"Capuccino, pó",4.0,1.6,0.1,0.27,0.59,1.73,0.95,0.02,0.02,,0.05,0.1,1.5,,0.11,0.04,,,,,0.55,0.04,Miscelâneas
518,Shoyu,1e-05,1e-05,1e-05,1e-05,1e-05,1e-05,1e-05,,1e-05,,,,0.01,,0.01,1e-05,,,,,,,Miscelâneas
520,"Azeitona, preta, conserva",3.5,11.0,3.0,,,2.87,0.47,0.08,0.02,0.01,,0.29,10.57,0.04,2.77,0.19,,,,,,,Outros alimentos industrializados
521,"Azeitona, verde, conserva",2.3,8.3,1.0,,,1.93,0.29,0.05,0.01,0.01,,0.18,8.07,0.03,0.91,0.13,,,,,,,Outros alimentos industrializados
522,"Chantilly, spray, com gordura vegetal",25.9,0.1,0.1,10.7,3.64,2.63,7.46,0.08,,0.03,,,0.05,1e-05,0.08,,,,,,,,Outros alimentos industrializados
523,"Leite, de coco",15.6,0.9,0.2,8.25,2.99,1.33,0.51,0.01,,,,,0.92,,0.17,,,,,,,,Outros alimentos industrializados
524,"Maionese, tradicional com ovos",4.1,6.4,15.4,,0.02,2.84,0.37,0.08,0.11,0.04,,0.04,6.24,0.14,13.86,1.43,,,,,,0.17,Outros alimentos industrializados
525,Acarajé,9.1,7.8,2.1,0.1,0.16,7.71,1.05,0.07,0.02,,,,7.81,,2.01,0.12,,,,,,,Alimentos preparados
526,Arroz carreteiro,3.2,3.0,0.2,,0.19,1.61,1.29,0.01,,,0.04,0.24,2.64,0.01,0.16,0.03,0.01,,0.01,,0.18,0.03,Alimentos preparados
527,"Baião de dois, arroz e feijão-de-corda",0.6,1.0,1.5,,1e-05,0.42,0.13,0.01,0.01,1e-05,,0.02,0.95,1e-05,1.36,0.13,1e-05,1e-05,,1e-05,,0.01,Alimentos preparados
528,Barreado,3.327,4.264666666666666,1.4093333333333333,,0.11533333333333333,2.045,1.106,1e-05,,,,0.20033333333333334,3.964666666666666,0.05433333333333334,1.2366666666666666,0.064,0.04533333333333334,1e-05,0.018,,0.057333333333333326,,Alimentos preparados
529,"Bife à cavalo, com contra filé",7.938000000000001,8.195266666666665,3.2616666666666663,,0.38400000000000006,4.5889999999999995,2.6346666666666665,0.03366666666666667,0.03366666666666667,,0.10133333333333334,0.5732666666666666,7.3183333333333325,0.04733333333333334,2.8836666666666666,0.263,0.07433333333333333,,0.02033333333333333,0.02033333333333333,0.4040000000000001,,Alimentos preparados
530,Bolinho de arroz,1.8,2.5,3.5,,0.02,1.26,0.44,0.02,0.03,0.02,,0.05,2.39,0.05,3.22,0.24,0.04,,1e-05,1e-05,1e-05,0.06,Alimentos preparados
531,Camarão à baiana,1.6423333333333332,0.903,1.5246666666666664,1.3483333333333334,0.618,0.7203333333333334,0.27,0.017,0.017,,,0.013,0.89,,1.3253333333333333,0.12566666666666668,0.011000000000000001,0.02866666666666667,,0.034,,,Alimentos preparados
532,"Charuto, de repolho",0.46299999999999997,0.4716666666666667,0.09733333333333334,,0.015666666666666666,0.239,0.19766666666666666,,,,,0.029666666666666664,0.442,,0.082,0.015333333333333332,,,,,0.026333333333333334,,Alimentos preparados
533,"Cuscuz, de milho, cozido com sal",0.2,0.2,0.3,,,0.15,0.02,1e-05,,,,,0.22,,0.26,1e-05,,,,,,,Alimentos preparados
534,"Cuscuz, paulista",1.8,1.8,0.8,0.03,0.15,1.12,0.41,0.01,0.02,0.01,0.01,0.07,1.64,,0.69,0.1,1e-05,,,,0.04,1e-05,Alimentos preparados
535,"Cuxá, molho",0.5883333333333334,1.2663333333333333,1.548,,0.0033333333333333335,0.37200000000000005,0.17533333333333334,0.018333333333333337,0.011333333333333334,0.004666666666666667,,0.010333333333333333,1.248,0.008,1.444,0.056,1e-05,0.01933333333333333,,0.024000000000000004,,0.017333333333333336,Alimentos preparados
536,Dobradinha,2.5,1.2,0.1,1e-05,0.11,1.06,1.19,0.02,0.02,0.01,1e-05,0.09,1.11,1e-05,0.07,0.01,0.03,,0.02,,0.18,0.02,Alimentos preparados
537,Estrogonofe de carne,5.255666666666667,3.322,0.8563333333333334,0.124,0.6503333333333333,2.808666666666667,1.57,0.017,0.020666666666666667,,0.04133333333333333,0.19266666666666668,2.998666666666667,0.017,0.7366666666666667,0.079,0.020666666666666667,,0.01,,0.26166666666666666,0.01,Alimentos preparados
538,Estrogonofe de frango,3.692,2.239666666666667,1.0146666666666666,0.11666666666666665,0.5433333333333333,2.093666666666667,0.9313333333333333,0.015,0.01,1e-05,0.030333333333333334,0.10166666666666667,2.045,0.015,0.911,0.06566666666666666,0.038,,1e-05,,0.18533333333333335,0.01,Alimentos preparados
539,Feijão tropeiro mineiro,2.16,2.8666666666666667,1.5266666666666666,,0.06333333333333334,1.3933333333333333,0.6733333333333333,,,,,0.13,2.6933333333333334,0.043333333333333335,1.25,0.19333333333333336,0.04666666666666667,,,,,,Alimentos preparados
540,Feijoada,1.9233333333333333,2.5866666666666664,1.5833333333333335,,0.06666666666666667,1.2533333333333332,0.5833333333333334,,,,,0.13,2.413333333333333,0.043333333333333335,1.35,0.18,0.02,,,,,,Alimentos preparados
541,"Frango, com açafrão",1.6100000000000003,2.508333333333333,1.7930000000000001,,0.03133333333333333,1.2386666666666668,0.34,1e-05,1e-05,,1e-05,0.25933333333333336,2.231333333333333,0.017666666666666667,1.5673333333333332,0.11233333333333334,0.03333333333333333,,1e-05,,0.012000000000000002,,Alimentos preparados
542,"Macarrão, molho bolognesa",0.271,0.26466666666666666,0.28833333333333333,,1e-05,0.205,0.066,1e-05,1e-05,,,0.011666666666666665,0.253,1e-05,0.275,0.013333333333333334,,1e-05,,,1e-05,1e-05,Alimentos preparados
543,Maniçoba,2.893333333333333,3.676,1.6736666666666664,,0.083,1.7323333333333333,1.0090000000000001,0.017,0.008,,,0.158,3.4180000000000006,0.07500000000000001,1.4109999999999998,0.155,0.03566666666666667,,,,0.038666666666666676,,Alimentos preparados
544,Quibebe,1.0423333333333333,1.1053333333333333,0.23999999999999996,,0.075,0.6103333333333333,0.316,1e-05,,1e-05,0.02666666666666667,0.11,0.948,1e-05,0.17699999999999996,0.063,1e-05,1e-05,1e-05,,0.058666666666666666,1e-05,Alimentos preparados
545,"Salada, de legumes, com maionese",1.0943333333333334,1.7673333333333334,3.8153333333333337,,,0.7873333333333333,0.26,0.02,0.027,1e-05,,1e-05,1.7473333333333334,0.02,3.4586666666666672,0.35666666666666663,,,,,,0.013333333333333334,Alimentos preparados
546,"Salada, de legumes, cozida no vapor",0.06233333333333334,1e-05,0.1623333333333333,,,0.052333333333333336,0.01,1e-05,,,,1e-05,0.021,,0.07233333333333332,0.07666666666666666,,,,,,,Alimentos preparados
547,"Salpicão, de frango",1.3389999999999997,2.080666666666666,3.9976666666666665,,1e-05,0.9273333333333333,0.337,0.022333333333333334,0.03733333333333333,0.015,,0.03733333333333333,2.0209999999999995,0.022333333333333334,3.6003333333333334,0.36,0.03733333333333333,,,,,0.015,Alimentos preparados
548,Sarapatel,1.3929999999999998,1.106,0.718,,0.024000000000000004,0.7559999999999999,0.5566666666666666,0.016333333333333335,0.009333333333333334,0.018666666666666668,,0.029333333333333333,1.0423333333333333,0.013333333333333334,0.614,0.027666666666666662,0.043333333333333335,1e-05,,,1e-05,,Alimentos preparados
549,Tabule,0.21,0.83,0.23333333333333336,,,0.17666666666666667,0.03333333333333333,,,,,0.01,0.82,,0.20333333333333337,0.03,,,,,,,Alimentos preparados
550,Tacacá,0.1756666666666667,0.12833333333333335,1e-05,,0.0023333333333333335,0.10366666666666667,0.050333333333333334,0.004333333333333334,0.005666666666666667,,,0.006333333333333334,0.11933333333333333,1e-05,0.027999999999999997,,,,,,,,Alimentos preparados
551,"Tapioca, com manteiga",6.045333333333334,2.963,0.18766666666666665,0.24666666666666667,1.0773333333333335,3.379,1.3836666666666666,0.021,,,0.08366666666666667,0.17766666666666664,2.638666666666667,0.021,0.16666666666666666,0.021,,,,,0.2956666666666667,0.03133333333333333,Alimentos preparados
552,"Tucupi, com pimenta-de-cheiro",0.06133333333333333,0.14533333333333331,1e-05,,,0.06133333333333333,1e-05,,1e-05,,,,0.14533333333333331,1e-05,0.043000000000000003,1e-05,,,,,,,Alimentos preparados
553,Vaca atolada,4.138,3.158333333333333,1.2296666666666667,,0.294,2.0973333333333333,1.5743333333333334,0.018,1e-05,,0.04466666666666667,0.211,2.813,0.018,1.111,0.11866666666666666,,,,,0.214,,Alimentos preparados
554,Vatapá,7.497333333333334,9.673000000000002,4.73,0.044333333333333336,0.3406666666666667,4.596333333333334,2.42,0.044333333333333336,,,,0.3403333333333334,9.066666666666668,0.17033333333333334,4.211666666666667,0.3036666666666667,0.05933333333333333,,,,0.14800000000000002,,Alimentos preparados
555,Virado à paulista,8.276999999999997,10.584666666666665,5.121333333333333,0.04900000000000001,0.367,5.1209999999999996,2.642333333333333,0.04900000000000001,,,,0.4403333333333333,9.851333333333333,0.18733333333333335,4.566999999999999,0.31833333333333336,0.065,,,,0.171,,Alimentos preparados
556,Yakisoba,0.5830000000000001,0.8680000000000001,0.9886666666666666,,1e-05,0.39033333333333337,0.19266666666666668,1e-05,,,,0.027333333333333334,0.8406666666666668,1e-05,0.943,0.04566666666666667,,1e-05,,,0.012666666666666666,,Alimentos preparados
557,"Amendoim, grão, cru",8.7,17.2,16.2,,,4.85,1.21,0.56,1.36,0.66,,0.03,16.67,0.45,16.17,0.04,,,,,,,Leguminosas e derivados
558,"Amendoim, torrado, salgado",9.74,29.06,14.233333333333334,,0.04,5.276666666666666,1.2766666666666666,0.6266666666666666,1.52,0.9366666666666666,,,28.153333333333336,0.7933333333333333,14.176666666666668,0.06333333333333334,,,,,,,Leguminosas e derivados
559,"Ervilha, em vagem",1e-05,0.1,0.3,,1e-05,,0.02,1e-05,1e-05,0.01,,1e-05,0.08,1e-05,0.27,0.04,,,,,,,Leguminosas e derivados
560,"Ervilha, enlatada, drenada",0.1,0.1,0.2,,1e-05,0.06,0.02,1e-05,1e-05,1e-05,,,0.1,1e-05,0.15,0.02,,,,,,,Leguminosas e derivados
561,"Feijão, carioca, cozido",0.1,0.1,0.3,,,0.11,0.02,1e-05,1e-05,0.01,,1e-05,0.08,,0.16,0.14,,,,,,,Leguminosas e derivados
562,"Feijão, carioca, cru",0.2,0.1,0.9,,,0.14,0.03,1e-05,0.01,0.01,,,0.11,,0.4,0.49,,,,,,,Leguminosas e derivados
563,"Feijão, fradinho, cozido",0.2,0.1,0.3,,1e-05,0.18,0.03,0.01,0.02,0.01,,1e-05,0.05,1e-05,0.21,0.1,,,,,,,Leguminosas e derivados
564,"Feijão, fradinho, cru",0.7,0.2,0.9,1e-05,1e-05,0.5,0.08,0.02,0.04,0.03,,,0.15,0.01,0.58,0.28,,,,,,,Leguminosas e derivados
565,"Feijão, jalo, cozido",0.1,0.1,0.3,,1e-05,0.1,0.01,1e-05,1e-05,0.01,,1e-05,0.06,,0.11,0.2,,,,,,,Leguminosas e derivados
566,"Feijão, jalo, cru",0.3,0.2,0.6,,1e-05,0.25,0.03,1e-05,0.01,0.01,,1e-05,0.15,,0.23,0.41,,,,,,,Leguminosas e derivados
567,"Feijão, preto, cozido",0.1,0.1,0.3,,,0.11,0.02,1e-05,0.01,0.01,,,0.09,,0.16,0.11,,,,,,,Leguminosas e derivados
568,"Feijão, preto, cru",0.2,0.1,0.8,,1e-05,0.15,0.03,0.01,0.01,0.01,1e-05,1e-05,0.13,,0.38,0.47,,,,,,,Leguminosas e derivados
569,"Feijão, rajado, cozido",0.1,1e-05,0.2,,1e-05,0.1,0.02,1e-05,1e-05,1e-05,,1e-05,0.03,,0.09,0.13,,,,,,,Leguminosas e derivados
570,"Feijão, rajado, cru",0.4,0.1,0.8,,1e-05,0.3,0.04,0.01,0.01,0.01,,1e-05,0.14,,0.29,0.46,,,,,,,Leguminosas e derivados
571,"Feijão, rosinha, cozido",0.2,1e-05,0.2,,1e-05,0.12,0.02,0.01,0.02,0.01,,1e-05,0.04,1e-05,0.16,0.07,,,,,,,Leguminosas e derivados
572,"Feijão, rosinha, cru",0.6,0.1,0.7,,1e-05,0.28,0.05,0.01,0.03,0.02,,,0.09,0.01,0.33,0.14,,,,,,,Leguminosas e derivados
573,"Feijão, roxo, cozido",0.1,0.1,0.3,,1e-05,0.1,0.01,1e-05,1e-05,1e-05,,1e-05,0.06,1e-05,0.14,0.19,,,,,,,Leguminosas e derivados
574,"Feijão, roxo, cru",0.3,0.2,0.8,,1e-05,0.27,0.03,1e-05,0.01,0.01,,1e-05,0.16,,0.34,0.46,,,,,,,Leguminosas e derivados
575,"Grão-de-bico, cru",0.9,1.4,2.8,,0.01,0.57,0.2,0.05,0.02,0.01,,0.01,1.42,0.02,2.71,0.13,,,,,,,Leguminosas e derivados
576,"Guandu, cru",0.6,0.2,0.9,,1e-05,0.44,0.08,0.02,0.02,0.02,,1e-05,0.13,1e-05,0.86,0.06,,,,,1e-05,,Leguminosas e derivados
577,"Lentilha, cozida",0.1,0.1,0.3,,1e-05,0.08,0.01,1e-05,1e-05,1e-05,,1e-05,0.14,1e-05,0.21,0.04,,,,,,,Leguminosas e derivados
578,"Lentilha, crua",0.1,0.2,0.4,,0.01,0.1,0.01,0.01,1e-05,1e-05,1e-05,1e-05,0.16,0.01,0.33,0.09,,,,,,,Leguminosas e derivados
579,"Paçoca, amendoim",4.1,10.0,7.3,,,2.24,0.56,0.27,0.65,0.34,,0.01,9.73,0.26,7.25,0.02,,,,,,,Leguminosas e derivados
580,"Pé-de-moleque, amendoim",5.08,14.39,8.25,,,2.7,0.6366666666666667,0.3466666666666667,0.8433333333333334,0.5133333333333333,,0.016666666666666666,13.906666666666666,0.41,8.25,,,,,,,,Leguminosas e derivados
582,"Soja, extrato solúvel, natural, fluido",0.2,0.3,0.6,,1e-05,0.12,0.05,1e-05,0.01,1e-05,,1e-05,0.25,0.01,0.58,0.06,,,,,,0.01,Leguminosas e derivados
583,"Soja, extrato solúvel, pó",3.3,6.4,12.9,,0.02,2.53,0.57,0.06,0.09,0.03,,0.02,6.3,0.05,11.67,1.23,,,,,,,Leguminosas e derivados
584,"Soja, queijo (tofu)",0.4,0.5,1.7,,0.01,0.27,0.1,0.01,0.01,1e-05,,1e-05,0.51,1e-05,1.48,0.2,,,,,,,Leguminosas e derivados
585,"Tremoço, cru",1.2,5.4,1.7,,,0.61,0.19,0.1,0.26,0.05,,0.02,4.89,0.33,1.08,0.57,,,,,,,Leguminosas e derivados
586,"Tremoço, em conserva",0.4,1.9,0.6,,,0.2,0.06,0.03,0.09,0.02,,1e-05,1.82,0.12,0.4,0.22,,,,,,,Leguminosas e derivados
587,"Amêndoa, torrada, salgada",4.8,32.3,16.2,,0.04,3.91,0.77,0.04,0.02,,,0.22,31.95,0.03,16.17,0.03,,,,,0.1,0.02,Nozes e sementes
588,"Castanha-de-caju, torrada, salgada",7.7,26.5,8.1,,,3.95,3.42,0.23,0.06,0.06,,0.13,26.27,0.08,8.0,0.08,,,,,0.11,,Nozes e sementes
589,"Castanha-do-Brasil, crua",15.3,27.4,21.0,,0.04,0.04,6.14,0.16,0.03,,,0.18,27.14,0.04,20.97,0.04,,,,,,,Nozes e sementes
590,"Coco, cru",30.0,1.5,0.3,15.37,6.12,2.74,0.97,,,,,,1.47,,0.32,,,,,,,,Nozes e sementes
591,"Coco, verde, cru",3.140333333333333,1.1476666666666666,0.2773333333333334,1.2396666666666667,0.8033333333333333,0.7743333333333334,0.1376666666666667,1e-05,1e-05,0.014,,1e-05,1.1476666666666666,1e-05,0.2773333333333334,,,,,,,,Nozes e sementes
593,"Gergelim, semente",7.8,19.9,22.5,,0.03,4.86,2.58,0.26,,0.04,,0.07,19.72,0.09,22.39,0.16,,,,,,,Nozes e sementes
594,"Linhaça, semente",4.2,7.1,25.3,,0.03,2.49,1.62,0.06,,0.04,,0.03,7.06,0.04,5.42,19.81,,,,,,,Nozes e sementes
595,"Pinhão, cozido",0.3,0.1,0.2,,,0.18,0.04,0.03,0.02,,,,0.09,,0.22,,,,,,,,Nozes e sementes
596,"Pupunha, cozida",3.066,6.782333333333334,0.3606666666666667,,,2.77,0.25533333333333336,0.030666666666666665,,,,0.3233333333333333,6.449000000000001,0.01,0.279,0.08166666666666667,,,,,,,Nozes e sementes
597,"Noz, crua",5.6,8.7,44.1,,,4.26,1.34,,,,,,8.66,0.09,35.3,8.82,,,,,,,Nozes e sementes
