numero_alimento,descricao,triptofano_g,treonina_g,isoleucina_g,leucina_g,lisina_g,metionina_g,cistina_g,fenilalanina_g,tirosina_g,valina_g,arginina_g,histidina_g,alanina_g,acido_aspartico_g,acido_glutamico_g,glicina_g,prolina_g,serina_g,categoria
56,"Pastel, de carne, frito",0.11830502666666666,0.30319896533333335,0.4135465533333334,0.8109206040000001,0.388287692,0.18852964000000003,0.07132227093333333,0.4958303480000001,0.36014863733333335,0.5030959613333333,0.4131210373333334,0.17601020666666667,0.311139036,0.5385353653333335,3.37078144,0.29606361200000003,1.1815450400000003,0.4748382253333334,Cereais e derivados
80,"Alface, roxa, crua",0.0018633333333333325,0.025713569999999963,0.03155626666666659,0.06001079999999992,0.05475619999999992,0.006675176666666671,0.0016479319999999978,0.037060839999999984,0.03601851999999998,0.042147453333333286,0.06295056666666661,0.016078846666666664,0.047191066666666615,0.05255459999999997,0.10550336666666649,0.03678363333333331,0.029785669999999948,0.030913846666666633,"Verduras, hortaliças e derivados"
83,"Alho-poró, cru",0.007799999999999997,0.03289740000000004,0.03875580000000001,0.07059599999999999,0.0756393,0.009521699999999994,0.0036745800000000015,0.04859670000000003,0.05521499999999998,0.0507012,0.08287650000000002,0.022205399999999997,0.06452759999999998,0.05421480000000001,0.18196199999999996,0.04686389999999999,0.03357899999999999,0.04344600000000002,"Verduras, hortaliças e derivados"
123,"Farinha, de puba",0.0,0.006935933333333334,0.026614666666666665,0.04116166666666667,0.024508000000000002,0.0006184233333333334,0.01982,0.023054,0.004122533333333333,0.017557333333333335,0.023051666666666665,0.03726466666666667,0.039829333333333335,0.088487,0.3187,0.008561299999999999,0.06191733333333333,0.010600333333333335,"Verduras, hortaliças e derivados"
147,"Quiabo, cru",0.0056539000000000025,0.04983903000000001,0.044872988333333357,0.07650692000000002,0.06663754833333337,0.009292818333333336,0.003676249833333334,0.04858676666666669,0.025379181666666677,0.058856048333333355,0.10873415000000003,0.023005988333333338,0.06693600333333335,0.27017565000000004,0.3281363333333334,0.04915281333333335,0.040642741666666676,0.05564856000000002,"Verduras, hortaliças e derivados"
151,"Repolho, roxo, refogado",0.008287133333333335,0.032547821333333345,0.05969764800000003,0.07210016333333336,0.06739500666666669,0.009562762933333338,0.0037528514666666673,0.04739903733333337,0.04439758066666669,0.07116796600000003,0.06701598599999999,0.04341364133333334,0.09548712666666674,0.16896918000000008,0.5256776866666669,0.06060502600000003,0.08362390600000007,0.08100988333333341,"Verduras, hortaliças e derivados"
176,"Banana, doce em barra",0.00448392,0.00786804872,0.018766084399999997,0.03852522519999999,0.0036774243010399992,0.00356357344,0.0203064428,0.0124261732,0.0143186512,0.0265711824,0.0112001288,0.0280754936,0.020723183599999997,0.0801219356,0.08895174119999999,0.000832576024,0.00475154848,0.0272758612,Frutas e derivados
185,"Cajá, polpa, congelada",0.0,0.02036191200000001,0.021099584000000008,0.03544564800000002,0.03483884800000001,0.0056871592000000025,0.0034025080000000007,0.018780952000000007,0.01698056000000001,0.02629969600000001,0.03367772800000002,0.006828664800000003,0.06183554400000002,0.06594702400000002,0.08171726400000003,0.021965176000000013,0.02244307200000001,0.024876832000000012,Frutas e derivados
224," Mamão, doce em calda, drenado",0.0,0.012533971999999999,0.0074503385000000005,0.00922841975,0.0016085010573499998,0.00544197665,0.013722005,0.0038950307,0.01622536025,0.0024455480225,0.019824013550000002,0.0343453055,0.0055344674,0.036658184749999996,0.021463450250000002,0.0015072431000000004,0.004112368700000001,0.028845066800000003,Frutas e derivados
227," Mamão verde, doce em calda, drenado",0.0,0.0168082432,0.0010672582576,0.004034243512,0.003966700960000001,0.005519135848000001,0.0115146904,0.00589318696,0.0189543376,0.009924455200000001,0.018785504800000002,0.0368688496,0.007087856656000001,0.006991103200000001,0.00633916336,0.0138198712,0.006815202688000001,0.032525728000000004,Frutas e derivados
229,"Manga, Palmer, crua",0.023526466666666652,0.01421843966666666,0.016603525333333338,0.028223896,0.023443239333333334,0.005896033999999998,0.0012275900599999997,0.017135131733333333,0.008613111533333334,0.018821632066666663,0.022399948666666673,0.009545126599999997,0.028853671333333327,0.03194881066666666,0.044689146000000006,0.02239732733333333,0.015840061999999995,0.021417604000000003,Frutas e derivados
248,"Pitanga, polpa, congelada",0.0017316599999999997,0.009742648999999997,0.011527774999999997,0.02126656699999999,0.018141598999999994,0.0025258960999999997,0.0022449202999999993,0.011219347999999997,0.011638696999999998,0.014792791999999994,0.015674980999999994,0.0030653041999999992,0.016237969999999994,0.029608459999999993,0.03988989199999999,0.013588210999999998,0.012141835999999996,0.012444277999999996,Frutas e derivados
323,Apresuntado,0.1605788281858527,0.6715948002898285,0.7419811285209671,1.157377860701023,1.260165379041753,0.4456848011955437,0.24165121999818853,0.6935835096458653,0.590408075355493,0.7917058282764239,1.1870023892763333,0.7687371207318177,0.8634192373879174,1.3552252033330312,2.5419009265465076,0.7637044217009326,0.6668581423784076,0.6410515234127342,Carnes e derivados
424,Mortadela,0.13502373870120457,0.5746493016936871,0.6087471660175708,0.937777723938049,1.0547513812154694,0.3850672509736435,0.29581107671406576,0.5928567312743409,0.5225895400778914,0.66374985689702,1.0772642713522325,0.4772352306856262,0.8780891703650031,1.179454118286387,2.1555141300606824,0.9987976849923011,0.7402798505570147,0.6041650493614709,Carnes e derivados
438,"Presunto, com capa de gordura",0.11082853065845483,0.730056912643782,0.7100863393261477,1.169980113440811,1.347728405035775,0.4710915598677656,0.22880469253237923,0.6715207168734714,0.5774654299882256,0.7378413606104518,1.221720200842315,0.91158534847387,0.9040658162756993,1.4075891796485822,2.3941966359478304,0.8137091610814234,0.7039423313105696,0.6813939237840773,Carnes e derivados
439,"Presunto, sem capa de gordura",0.1504161878453038,0.7080174658092561,0.6856551637079972,1.1502603559460185,1.2775905715062035,0.4772202823566704,0.21713232485734976,0.6331220688796302,0.5493728799474683,0.7246797484376412,1.2009887424146355,0.8932680986776554,0.8839943992844845,1.3668432275156228,2.358256191264377,0.7284231781541523,0.6472291703650029,0.6791153294538534,Carnes e derivados
441,"Quibe, cru",0.016999999999999998,0.351526,0.3956665,0.7841929999999998,0.9318889999999999,0.23497739999999998,0.041958550000000004,0.4638195,0.45350899999999994,0.4773600000000002,0.853145,0.4987715,0.6483885,0.9982315,2.1646525000000003,0.514505,0.474844,0.44653049999999994,Carnes e derivados
443,Salame,0.2830652836020287,1.2196391289285389,1.2115977255230501,2.017314811837695,0.0725678843333937,0.7906223735168915,0.34885237276967657,1.0832243410922922,0.9672284109229233,1.299107115523956,1.960735917942215,1.3001845584639071,1.612275103704374,2.338208854270446,4.242628669278144,1.5544873713884606,1.3834892930893936,1.1500520824653562,Carnes e derivados
463,"Queijo, mozarela",0.38050003453038667,1.048989930939226,1.3862102900552482,2.38208085635359,2.058984350828729,0.851619226519337,0.3580813549723756,1.2720015193370162,1.6137517679558007,1.7700756906077342,1.1273228314917125,0.8639909530386737,0.7940768093922651,1.7614646270718228,5.908172486187843,0.5524905372928175,2.7559676795580104,1.4979831767955798,Leite e derivados
467,"Queijo, prato",0.48048036301059677,1.0062956380762609,1.209489519971017,2.18808197898741,1.9366979702925455,0.8177352902816772,0.3604317643329407,1.134333476134408,1.4312490000905713,1.4711281731727197,1.1356962938139659,0.83893715877185,0.8100722334933428,1.6619449895842766,5.325042523322161,0.5558821608549949,2.7557513957069104,1.5432681450955525,Leite e derivados
468,Maria mole,0.0,0.032970789800000004,0.05463671006666667,0.10326566066666669,0.10458138333333333,0.02001702266666667,0.018584052133333334,0.06279339480000001,0.016296127133333338,0.06736500053333333,0.3270472733333334,0.030039858400000004,0.4109007193333334,0.227113362,0.4387696353333334,0.9878795933333334,0.5840880206666668,0.09003681200000002,Leite e derivados
501,"Doce, de leite, cremoso",0.0253935,0.22653438750000002,0.28408914,0.559793295,0.33656519249999994,0.11832845175,0.0176766975,0.22792333499999998,0.20868198749999997,0.3405973725,0.17515487249999998,0.06986187899999999,0.22217516999999998,0.44387966249999994,1.28488545,0.0905021775,0.57259008,0.2806687125,Produtos açucarados
506,Marmelada,0.19681282999999997,0.020495854733333336,0.0019266436133333334,0.008002058333333333,0.005505264913333333,0.0071083481333333335,0.014196785633333334,0.007280360883333333,0.02425442783333333,0.011964778433333332,0.022970570033333332,0.04154870313333334,0.010373187933333333,0.050482780733333336,0.010478285833333335,0.016619330033333334,0.008984232233333334,0.03700907873333333,Produtos açucarados
509,Quindim,0.0719648,0.212978675,0.22627333500000002,0.42154846000000007,0.32652982,0.10317744,0.0254593785,0.19525682,0.1607702,0.26351616499999997,0.481439805,0.061464267499999996,0.313452205,0.35927746499999996,0.7536168499999999,0.15521071,0.22471218,0.35835437000000003,Produtos açucarados
510,Rapadura,0.0224375,0.022748124999999998,0.0032324999999999997,0.008773999999999999,0.0109515625,0.00767375,0.02406875,0.0115631875,0.03488375,0.007621437499999999,0.03308125,0.062460625,0.00284295,0.160428125,0.0388159375,0.02391125,0.01812296875,0.0536546875,Produtos açucarados
580,"Pé-de-moleque, amendoim",0.06871577999999999,0.33511799999999997,0.504511854,0.97174266,0.47650793399999997,0.14191086,0.0908498262,0.754350618,0.537061434,0.581436366,1.87029024,0.254178708,0.6270024599999999,1.79765922,3.0880957799999997,0.9105985560000001,0.618860088,0.6851305019999999,Leguminosas e derivados
